,original,predict,direction,diff
0,1.9804,1.8476905,1.0,0.13270953693389886
1,1.6263,1.5526568,1.0,0.07364323024749764
2,1.8624,1.4508784,1.0,0.4115216182708741
3,1.4236,1.6333958,1.0,-0.209795791053772
4,0.5726,1.4681419,1.0,-0.8955419134140015
5,-1.9053,0.6430964,-1.0,-2.548396387386322
6,-3.883,-1.6114942,1.0,-2.2715058164596558
7,-3.2856,-3.0025775,1.0,-0.2830224567413331
8,-4.8271,-2.613953,1.0,-2.2131468864440915
9,-3.6432,-3.2217517,1.0,-0.42144831008911154
10,-1.7301,-2.6658692,1.0,0.9357692359924317
11,-2.3749,-1.4169217,1.0,-0.9579782651901243
12,-1.0616,-1.9142153,1.0,0.852615326309204
13,-1.8372,-0.9494843,1.0,-0.8877157113075256
14,-2.06,-1.4117259,1.0,-0.6482741212844849
15,-3.5393,-1.7638263,1.0,-1.7754737489700316
16,-2.0059,-2.5632515,1.0,0.5573514953613281
17,-2.6184,-1.7619153,1.0,-0.8564846738815306
18,-3.6384,-2.2040422,1.0,-1.4343578037261961
19,-2.0046,-2.8287401,1.0,0.8241401199340821
20,-3.016,-1.738345,1.0,-1.2776549730300903
21,-2.0825,-2.4801466,1.0,0.39764664649963377
22,-2.3071,-1.758232,1.0,-0.548868002510071
23,-2.0363,-1.7970634,1.0,-0.23923664932251
24,-2.1937,-1.7493933,1.0,-0.44430665607452413
25,-2.1326,-1.878074,1.0,-0.25452595005035406
26,-1.3781,-1.7654167,1.0,0.3873167413711547
27,-1.1849,-1.3272845,1.0,0.14238445529937738
28,-0.7203,-0.9920277,1.0,0.2717276999473571
29,-0.8801,-0.5866577,1.0,-0.29344229707717895
30,-0.5887,-0.64689344,1.0,0.058193441677093505
31,-0.6505,-0.45979112,1.0,-0.19070887613296506
32,-0.9556,-0.44922882,1.0,-0.506371176815033
33,-0.7188,-0.8418346,1.0,0.12303460474014283
34,-0.7944,-0.704385,1.0,-0.09001501741409301
35,-0.136,-0.8060604,1.0,0.6700603737831116
36,-0.0696,0.0034783967,-1.0,-0.07307839668393135
37,0.349,-0.011596397,-1.0,0.3605963965654373
38,0.5651,0.39567146,1.0,0.1694285429477692
39,0.4981,0.71350414,1.0,-0.2154041356086731
40,0.9513,0.6589482,1.0,0.29235181694030765
41,0.7295,1.095567,1.0,-0.36606698799133297
42,0.9374,0.732619,1.0,0.2047810124397278
43,1.4685,1.2316738,1.0,0.23682616329193107
44,1.256,1.6284167,1.0,-0.37241665744781494
45,0.7371,1.2687483,1.0,-0.5316482833862305
46,1.1537,0.8833769,1.0,0.2703231036186218
47,1.1319,1.1236264,1.0,0.008273648643493559
48,1.2812,0.91254663,1.0,0.36865336532592763
49,1.4554,1.1265247,1.0,0.32887531318664553
50,1.2799,1.28929,1.0,-0.009389951324462853
51,1.6023,1.1266094,1.0,0.47569055538177496
52,1.3394,1.4969286,1.0,-0.1575285726547242
53,0.8329,1.3013831,1.0,-0.4684831377029419
54,0.835,0.8474538,1.0,-0.012453773021698034
55,1.0007,0.9266365,1.0,0.07406348295211784
56,0.8109,0.9342347,1.0,-0.12333467874526982
57,1.0223,0.7104397,1.0,0.31186031799316405
58,1.3182,1.0031575,1.0,0.3150425035476685
59,1.2492,1.2165388,1.0,0.03266121311187753
60,0.7093,1.1217862,1.0,-0.41248623676300045
61,0.2431,0.73950636,1.0,-0.4964063638687134
62,0.4817,0.21745,1.0,0.2642500071048737
63,0.571,0.37944695,1.0,0.19155304646492
64,1.825,0.48165703,1.0,1.3433429718017578
65,1.3252,1.7327224,1.0,-0.4075224016189576
66,2.2124,1.5043849,1.0,0.7080151247024538
67,1.6835,2.1345625,1.0,-0.4510624923706055
68,1.6476,1.6553665,1.0,-0.007766539955139207
69,2.1609,1.5709431,1.0,0.5899568828582762
70,2.6371,1.9674354,1.0,0.6696646400451662
71,2.2464,2.2808373,1.0,-0.03443729743957524
72,2.212,1.9011713,1.0,0.3108286733627321
73,2.1355,1.9477432,1.0,0.18775682258605952
74,2.2352,1.9773691,1.0,0.25783092994689927
75,2.5931,2.0564144,1.0,0.5366856342315676
76,2.2065,2.297925,1.0,-0.09142499542236315
77,2.9026,1.9556233,1.0,0.9469767309188843
78,2.8883,2.392329,1.0,0.4959710224151612
79,2.2511,2.4627216,1.0,-0.2116215862274169
80,1.8594,2.039046,1.0,-0.17964604911804205
81,0.2079,1.7000173,1.0,-1.4921173330307007
82,0.4734,0.13960218,1.0,0.3337978157043457
83,0.6613,0.27136284,1.0,0.389937158870697
84,1.1137,0.5694985,1.0,0.5442015206336974
85,0.9288,1.0633675,1.0,-0.13456748600006108
86,0.8788,0.97311264,1.0,-0.09431264276504514
87,0.5378,0.9105372,1.0,-0.3727371832847596
88,0.6722,0.4179439,1.0,0.25425610513687136
89,0.7525,0.69165224,1.0,0.06084776163101191
90,-0.057,0.8447088,-1.0,-0.901708800315857
91,0.1961,-0.07985643,-1.0,0.27595643297433853
92,-0.7043,0.21474525,-1.0,-0.9190452533245087
93,-0.2804,-0.77801937,1.0,0.49761936864852907
94,0.1706,-0.39937872,-1.0,0.5699787169456482
95,0.405,0.23435247,1.0,0.17064753055572512
96,0.6002,0.34092283,1.0,0.2592771675109863
97,1.2898,0.41942382,1.0,0.8703761814117432
98,0.7076,1.2148306,1.0,-0.5072306369781494
99,1.0614,1.1073208,1.0,-0.04592078552246104
100,0.6845,1.0094333,1.0,-0.3249332695007324
101,1.1899,0.38886225,1.0,0.8010377477645874
102,0.6319,0.9447892,1.0,-0.31288917121887205
103,1.3015,0.50970817,1.0,0.7917918338775636
104,1.7166,1.3473465,1.0,0.36925345573425283
105,1.4085,1.5478927,1.0,-0.13939268970489493
106,1.4615,1.3208131,1.0,0.1406869401931763
107,1.8333,1.396494,1.0,0.4368059690475463
108,1.9155,1.7597066,1.0,0.15579338359832762
109,2.1066,1.7327765,1.0,0.37382347736358623
110,1.3976,1.9786332,1.0,-0.5810331653594971
111,1.0208,1.244781,1.0,-0.22398101730346687
112,1.3038,0.9232418,1.0,0.3805582058906556
113,0.9117,1.2838846,1.0,-0.37218464450836186
114,1.4369,0.89592975,1.0,0.5409702462196351
115,1.1668,1.2615496,1.0,-0.09474959201812738
116,1.4478,1.1269128,1.0,0.32088716773986814
117,1.6572,1.239981,1.0,0.4172189447402954
118,1.6942,1.5154259,1.0,0.17877407951354973
119,1.8193,1.5313419,1.0,0.28795808963775626
120,1.9949,1.7019738,1.0,0.2929262041091918
121,1.8651,1.7906736,1.0,0.07442638645172117
122,1.9672,1.8310419,1.0,0.136158067893982
123,1.4937,1.8486623,1.0,-0.354962257194519
124,2.1013,1.3874279,1.0,0.7138720739364626
125,1.8594,1.8856308,1.0,-0.02623084602355963
126,1.7339,1.6968337,1.0,0.03706627025604248
127,1.746,1.4998361,1.0,0.24616391277313232
128,1.7336,1.5802077,1.0,0.15339229450225833
129,1.4111,1.5822262,1.0,-0.1711261571884155
130,1.4866,1.3085691,1.0,0.17803092632293693
131,1.5634,1.4240192,1.0,0.13938078250885
132,2.0026,1.4701372,1.0,0.5324627614974977
133,2.0195,1.7751489,1.0,0.24435113143920884
134,2.3243,1.8331448,1.0,0.4911552160263062
135,2.1967,2.053321,1.0,0.14337911529541003
136,2.2798,1.9836743,1.0,0.2961257122039793
137,1.8863,2.0182967,1.0,-0.13199671859741202
138,2.1089,1.657606,1.0,0.4512939943313601
139,2.4668,1.8314631,1.0,0.6353369014739991
140,0.9093,2.1034064,1.0,-1.1941064292907715
141,0.5456,0.862324,1.0,-0.31672399940490725
142,-0.5706,0.45909488,-1.0,-1.0296948820114136
143,0.1384,-0.61681646,-1.0,0.7552164610862732
144,-0.6706,-0.02512326,1.0,-0.6454767390847206
145,-0.7365,-0.5903258,1.0,-0.14617422723770146
146,-0.184,-0.5032832,1.0,0.31928320264816284
147,0.012,-0.24396071,-1.0,0.2559607083797455
148,-0.2501,0.125184,-1.0,-0.3752839995384216
149,-0.7686,-0.3158332,1.0,-0.45276678905487056
150,-1.6149,-0.6728672,1.0,-0.9420328210830688
151,-2.1247,-1.3323865,1.0,-0.7923135063171385
152,-1.4648,-1.903285,1.0,0.43848502655029287
153,-2.5349,-1.3290014,1.0,-1.2058985733032226
154,-2.1241,-2.131744,1.0,0.00764390792846692
155,-1.2864,-1.7753724,1.0,0.48897238597869874
156,-0.5686,-1.1935335,1.0,0.6249335397720337
157,-0.7665,-0.59573966,1.0,-0.17076033735275264
158,-0.4374,-0.5404446,1.0,0.10304461250305175
159,-0.1746,-0.18267542,1.0,0.008075421237945551
160,-0.5445,-0.04678283,1.0,-0.49771717113256453
161,0.1713,-0.61521333,-1.0,0.7865133345603943
162,-0.3812,0.059538677,-1.0,-0.44073867733478544
163,0.3415,-0.28049123,-1.0,0.6219912328720093
164,0.7412,0.35094458,1.0,0.39025542135238644
165,1.1528,0.91928464,1.0,0.23351535825729375
166,1.8968,1.1594316,1.0,0.7373684232711792
167,1.5588,1.8448943,1.0,-0.286094289970398
168,1.3227,1.5956322,1.0,-0.2729321954727173
169,1.4348,1.5814422,1.0,-0.14664223690032951
170,1.3785,1.2707328,1.0,0.10776723957061773
171,0.6276,1.3707446,1.0,-0.7431445859909057
172,0.7679,0.60899925,1.0,0.1589007476806641
173,0.66,0.8080498,1.0,-0.14804979801177975
174,0.8644,0.69675374,1.0,0.167646259689331
175,0.9629,0.8431352,1.0,0.11976482191085813
176,0.0991,0.95559305,1.0,-0.8564930495262146
177,-0.047,0.10376854,-1.0,-0.15076854240894316
178,-1.523,0.046406854,-1.0,-1.569406853944063
179,-1.0207,-1.2167577,1.0,0.19605765514373785
180,-1.4384,-1.0108768,1.0,-0.42752322521209707
181,-0.9836,-1.2430596,1.0,0.2594596351623535
182,-0.2674,-0.81886464,1.0,0.5514646435737609
183,0.6393,-0.27386162,-1.0,0.9131616168498993
184,1.5321,0.6580658,1.0,0.8740342041015625
185,1.4216,1.5412894,1.0,-0.11968944873809817
186,1.928,1.3328218,1.0,0.5951781539916992
187,1.6905,1.7214028,1.0,-0.030902764320373644
188,1.8943,1.5915853,1.0,0.30271472148895273
189,1.2933,1.6131122,1.0,-0.3198122112274171
190,1.8076,1.2087705,1.0,0.5988294864654542
191,2.1746,1.5159476,1.0,0.6586524196624755
192,1.7397,1.9926771,1.0,-0.25297709255218503
193,1.1295,1.5494741,1.0,-0.41997412014007574
194,1.2192,1.0862443,1.0,0.13295565528869635
195,0.9014,1.1104954,1.0,-0.20909544811248781
196,1.1003,0.9944701,1.0,0.1058298805236817
197,1.6288,1.023892,1.0,0.6049079549789429
198,1.4576,1.4874328,1.0,-0.029832837486267083
199,1.4535,1.4544003,1.0,-0.0009003009796142436
200,1.2113,1.3860898,1.0,-0.17478980178833003
201,1.4768,1.2923187,1.0,0.1844812982559203
202,1.4323,1.4185106,1.0,0.013789443778991606
203,1.3189,1.3135198,1.0,0.005380164527893028
204,1.4832,1.1654865,1.0,0.317713545036316
205,1.3132,1.3169731,1.0,-0.003773090171814042
206,1.3064,1.1574051,1.0,0.14899486198425294
207,0.9605,1.1997253,1.0,-0.23922527027130125
208,0.9101,0.9172566,1.0,-0.007156593704223613
209,0.8305,0.8881265,1.0,-0.05762649250030516
210,0.6468,0.8689873,1.0,-0.22218732185363765
211,1.2503,0.64384276,1.0,0.6064572432518005
212,1.384,1.2771511,1.0,0.10684889221191396
213,1.7186,1.4524556,1.0,0.26614436016082754
214,1.1125,1.6908973,1.0,-0.5783973455429077
215,0.832,1.0832618,1.0,-0.25126184749603275
216,0.6614,0.7329379,1.0,-0.07153787240982057
217,0.6729,0.7013469,1.0,-0.028446874237060493
218,0.9061,0.5609376,1.0,0.34516241655349733
219,1.5628,0.9244772,1.0,0.638322780418396
220,1.3054,1.4617282,1.0,-0.15632821521759044
221,1.3282,1.1716579,1.0,0.15654208011627202
222,1.6418,1.1972814,1.0,0.4445186393737792
223,0.4403,1.655579,1.0,-1.2152789709091185
224,0.995,0.53836846,1.0,0.45663153648376464
225,1.6288,0.9859036,1.0,0.6428963792800904
226,3.4328,1.57494,1.0,1.8578600337982176
227,3.4792,2.8017612,1.0,0.6774388496398926
228,2.2783,3.0476384,1.0,-0.769338416290283
229,2.0775,2.1079905,1.0,-0.030490503311157102
230,2.1745,2.0248623,1.0,0.14963771057128916
231,1.659,1.8204554,1.0,-0.16145543193817136
232,0.9248,1.4172311,1.0,-0.4924310829162598
233,1.5104,0.82945544,1.0,0.6809445647239685
234,2.5107,1.3440397,1.0,1.1666603214263915
235,2.2687,2.2131147,1.0,0.05558526153564447
236,1.7722,2.095101,1.0,-0.32290111808776856
237,1.894,1.6781474,1.0,0.21585256481170645
238,1.6319,1.7495692,1.0,-0.11766917762756357
239,-0.0724,1.4602417,-1.0,-1.532641675376892
240,0.4396,-0.14771718,-1.0,0.5873171778678894
241,-0.9779,0.390284,-1.0,-1.36818400182724
242,0.1421,-0.78163904,-1.0,0.923739039516449
243,1.0897,0.3177197,1.0,0.7719803020477294
244,1.0732,1.1830844,1.0,-0.10988436870574958
245,1.8244,1.1036087,1.0,0.7207912725448609
246,1.9924,1.8028468,1.0,0.18955321063995356
247,2.381,1.8760387,1.0,0.5049613294601438
248,2.1091,2.1715763,1.0,-0.062476261520385545
249,1.8791,1.9001116,1.0,-0.02101155605316163
250,1.8338,1.6192447,1.0,0.21455530529022226
251,2.0076,1.6721476,1.0,0.3354523683547974
252,1.7697,1.7646569,1.0,0.005043098640441945
253,1.6903,1.6798865,1.0,0.01041353969573966
254,1.3137,1.5403789,1.0,-0.2266789281845092
255,1.1192,1.1395547,1.0,-0.020354738998413113
256,0.5538,0.96159023,1.0,-0.40779023046493534
257,0.5969,0.65219474,1.0,-0.05529473838806154
258,1.2541,0.6548362,1.0,0.5992638221740723
259,-0.3694,1.3055873,-1.0,-1.6749872917175292
260,-0.7103,-0.36397693,1.0,-0.34632307438850407
261,0.8003,-0.61102223,-1.0,1.4113222339630127
262,0.2241,0.8633528,1.0,-0.6392527755737305
263,-0.7146,0.30968487,-1.0,-1.0242848726272582
264,-1.5148,-0.40146342,1.0,-1.11333658080101
265,-0.2559,-1.2416135,1.0,0.985713507270813
266,-0.5811,-0.42682832,1.0,-0.15427167520523066
267,0.3469,-0.65554935,-1.0,1.0024493474006653
268,0.7289,0.33533874,1.0,0.3935612584590912
269,1.3713,0.5804069,1.0,0.7908930957794189
270,1.378,1.0672344,1.0,0.3107656030654906
271,1.8902,1.5022912,1.0,0.3879087974548341
272,1.7037,1.8722634,1.0,-0.16856343154907227
273,1.8559,1.5990413,1.0,0.2568586572647096
274,0.537,1.7275033,1.0,-1.1905032997131348
275,0.095,0.3246497,1.0,-0.22964969158172607
276,0.7138,-0.22051859,-1.0,0.9343185890197754
277,0.0718,0.581054,1.0,-0.5092539722442627
278,-0.3222,0.1818808,-1.0,-0.5040808019161225
279,0.135,-0.25845152,-1.0,0.39345152139663697
280,1.4093,-0.13901755,-1.0,1.5483175521373749
281,1.3137,1.392148,1.0,-0.07844801788330069
282,1.0595,1.4066151,1.0,-0.34711513805389393
283,1.3351,0.9807033,1.0,0.3543967057228088
284,2.0541,1.3091748,1.0,0.7449252239227295
285,2.8559,1.838499,1.0,1.0174010499954225
286,2.4048,2.4906287,1.0,-0.08582871932983416
287,2.1875,2.262914,1.0,-0.07541394233703613
288,2.2185,1.9832584,1.0,0.2352416334152223
289,2.3717,1.9357339,1.0,0.43596608562469497
290,2.1561,2.0665896,1.0,0.0895104061126708
291,2.0677,1.8575822,1.0,0.21011778850555407
292,1.7157,1.8343018,1.0,-0.11860182933807373
293,2.062,1.5758799,1.0,0.4861200685501097
294,2.0902,1.8595301,1.0,0.23066990871429427
295,1.6992,1.9386652,1.0,-0.2394651515960693
296,1.2787,1.6051834,1.0,-0.3264833629608155
297,1.6111,1.1789969,1.0,0.43210307941436765
298,1.0942,1.4203869,1.0,-0.32618691043853754
299,1.4861,0.92775637,1.0,0.5583436308860779
300,1.4639,1.3113569,1.0,0.15254309787750242
301,1.346,1.3439299,1.0,0.0020701131820679564
302,1.2386,1.2683442,1.0,-0.029744163894653397
303,1.4095,1.1463114,1.0,0.26318859767913816
304,1.0504,1.2953104,1.0,-0.244910378074646
305,1.0787,0.96472913,1.0,0.11397086973190307
306,0.7502,0.9997684,1.0,-0.24956837635040285
307,0.7138,0.7568663,1.0,-0.043066276264190684
308,1.0687,0.69745874,1.0,0.3712412559509277
309,1.4482,1.0155354,1.0,0.4326646453857421
310,0.8117,1.4160231,1.0,-0.6043231351852417
311,0.2127,0.8373136,1.0,-0.6246135924339294
312,-1.4014,0.18876472,-1.0,-1.5901647211551666
313,-0.6985,-1.5515014,1.0,0.8530013933181763
314,0.5621,-1.0560198,-1.0,1.6181197830200196
315,0.2544,0.43188936,1.0,-0.1774893551826477
316,-0.7366,0.37163398,-1.0,-1.108233976697922
317,-1.1468,-0.69650537,1.0,-0.45029463224411015
318,0.0668,-1.3033925,-1.0,1.3701925294876098
319,-0.0706,-0.06492866,1.0,-0.005671341693401333
320,1.1645,-0.00724975,-1.0,1.1717497501969338
321,0.8101,1.1396677,1.0,-0.3295677494049072
322,1.0033,0.4430188,1.0,0.5602812059402467
323,1.0195,0.71929896,1.0,0.3002010412216187
324,1.2037,1.1145763,1.0,0.0891236602783203
325,1.0234,0.9523608,1.0,0.07103919115066537
326,1.1456,0.84337807,1.0,0.3022219329833984
327,0.6405,0.888607,1.0,-0.24810702514648442
328,1.6899,0.28488606,1.0,1.4050139378547668
329,1.4467,1.4394822,1.0,0.007217787933349706
330,1.3812,1.5056175,1.0,-0.12441749935150148
331,1.1348,1.3800511,1.0,-0.24525113601684567
332,1.5687,1.0421795,1.0,0.5265205347061157
333,1.6587,1.2820563,1.0,0.3766436683654786
334,1.7533,1.5375375,1.0,0.21576254444122323
335,1.4421,1.6255722,1.0,-0.1834722045898438
336,0.8234,1.3936623,1.0,-0.5702623334884643
337,0.7417,0.9259594,1.0,-0.18425940828323362
338,-0.7905,0.5324922,-1.0,-1.322992220401764
339,0.53,-0.7736463,-1.0,1.3036462950706482
340,0.9843,0.4807406,1.0,0.5035593932151794
341,0.8104,0.94459075,1.0,-0.13419074735641479
342,1.4241,0.94107556,1.0,0.4830244365692138
343,1.786,1.3045136,1.0,0.4814864263534546
344,1.8544,1.62603,1.0,0.2283700317382813
345,1.7582,1.8025392,1.0,-0.044339229393005386
346,1.7797,1.7003992,1.0,0.07930083961486822
347,2.4458,1.7924972,1.0,0.6533028419494631
348,3.1244,2.200065,1.0,0.9243351024627686
349,2.53,2.6835587,1.0,-0.15355870246887227
350,2.5815,2.3119268,1.0,0.2695731582641603
351,1.5051,2.2564766,1.0,-0.7513766407012938
352,2.3783,1.3044775,1.0,1.0738225467681883
353,2.4282,1.9995065,1.0,0.42869352645874015
354,1.8714,2.0985296,1.0,-0.22712957725524907
355,1.8281,1.6773716,1.0,0.15072837886810309
356,1.4134,1.7400122,1.0,-0.32661216888427735
357,0.725,1.2863395,1.0,-0.5613395214080811
358,-0.4422,0.5848631,-1.0,-1.0270631262779235
359,0.616,-0.5101506,-1.0,1.1261506114006044
360,1.1936,0.6058629,1.0,0.5877370844841003
361,1.2773,1.0896561,1.0,0.18764388542175303
362,1.9814,1.2297963,1.0,0.751603709602356
363,1.976,1.77624,1.0,0.19976000881195066
364,1.4672,1.834165,1.0,-0.3669649770736694
365,1.3303,1.3027227,1.0,0.027577307510376015
366,1.528,1.2630059,1.0,0.26499414730072024
367,1.0901,1.4138381,1.0,-0.32373814811706536
368,0.9205,0.9981293,1.0,-0.07762930822372438
369,1.5432,0.8602033,1.0,0.6829966742515563
370,1.0445,1.4653615,1.0,-0.42086147594451906
371,1.5759,1.0403974,1.0,0.5355025943756104
372,1.6481,1.5029603,1.0,0.14513967571258535
373,1.4715,1.5816816,1.0,-0.11018160915374753
374,1.5056,1.481031,1.0,0.024569058990478565
375,1.6661,1.4612333,1.0,0.20486674175262443
376,1.8722,1.5467331,1.0,0.3254668590545655
377,1.9064,1.6778355,1.0,0.22856453552246103
378,1.9554,1.7636698,1.0,0.1917301515579224
379,1.1826,1.865483,1.0,-0.6828830455780028
380,0.126,1.2021116,1.0,-1.076111601829529
381,0.2146,0.083956964,1.0,0.1306430356860161
382,0.9254,0.2586068,1.0,0.6667932085037231
383,1.6868,0.7215599,1.0,0.9652401178359986
384,1.6919,1.4949589,1.0,0.1969411224365234
385,1.7355,1.5128716,1.0,0.22262837696075444
386,1.092,1.6100005,1.0,-0.5180004911422729
387,1.8178,1.0087612,1.0,0.809038832473755
388,2.3656,1.8766044,1.0,0.4889955621719362
389,2.0944,2.2096329,1.0,-0.11523287353515643
390,2.0038,1.9277496,1.0,0.07605036621093753
391,2.1867,1.8555808,1.0,0.33111919326782235
392,1.9364,1.9682757,1.0,-0.03187566623687754
393,1.4192,1.7582144,1.0,-0.33901435451507567
394,1.207,1.370484,1.0,-0.16348399448394768
395,0.7275,1.1236625,1.0,-0.3961624717712402
396,-0.0697,0.54715294,-1.0,-0.6168529364585876
397,0.125,-0.120968975,-1.0,0.24596897512674332
398,-0.5037,-0.0064068735,1.0,-0.4972931265354157
399,0.3484,-0.42190695,-1.0,0.7703069480895997
400,0.1113,0.5640108,1.0,-0.4527107989311218
401,-1.4422,0.17758358,-1.0,-1.6197835752487182
402,-3.3141,-1.2709162,1.0,-2.043183776473999
403,-2.9121,-2.4130049,1.0,-0.49909512481689466
404,-1.6854,-2.1965647,1.0,0.5111646743774414
405,-0.557,-1.5348202,1.0,0.9778201990127563
406,-0.4024,-0.424521,1.0,0.02212099919319155
407,-0.6298,-0.5096454,1.0,-0.12015459756851199
408,-2.2858,-0.7665906,1.0,-1.5192094047546387
409,-1.9218,-1.9155291,1.0,-0.006270868110656691
410,-2.7085,-1.7951877,1.0,-0.9133122882843017
411,-1.6208,-2.0269542,1.0,0.40615417404174803
412,-2.3252,-1.5365309,1.0,-0.7886691476821901
413,-1.4608,-2.0509915,1.0,0.5901915351867675
414,-1.1172,-1.4287523,1.0,0.31155230312347415
415,-0.5563,-0.95331997,1.0,0.3970199667930603
416,-0.6249,-0.37475199,1.0,-0.2501480149269104
417,-0.9905,-0.3170172,1.0,-0.6734828023910523
418,-1.0678,-0.83888406,1.0,-0.22891594438552865
419,-0.7894,-0.88547105,1.0,0.09607104597091676
420,0.2808,-0.77577114,-1.0,1.056571141052246
421,0.8452,0.21395758,1.0,0.6312424220561981
422,1.1343,1.1256875,1.0,0.00861252002716073
423,1.7505,1.3688363,1.0,0.3816637163162231
424,2.0408,1.8712102,1.0,0.16958978252410883
425,2.141,2.0030515,1.0,0.13794848060607912
426,1.9044,1.9904903,1.0,-0.08609031734466543
427,2.13,1.7646298,1.0,0.3653701591491698
428,1.9942,1.9523965,1.0,0.0418034879684448
429,1.6107,1.8453282,1.0,-0.23462821178436277
430,2.0575,1.5632633,1.0,0.49423670291900645
431,1.9652,1.8377981,1.0,0.12740188140869146
432,1.8677,1.8024023,1.0,0.06529774208068839
433,1.8973,1.7169255,1.0,0.1803744981765747
434,2.0015,1.6226467,1.0,0.37885331058502203
435,2.0151,1.7114317,1.0,0.30366825828552235
436,1.9641,1.8102422,1.0,0.15385782394409175
437,1.8121,1.7360514,1.0,0.07604855976104741
438,1.5374,1.639047,1.0,-0.10164702663421621
439,1.1293,1.3941011,1.0,-0.2648011428833008
440,1.0751,1.0651792,1.0,0.009920771217346136
441,1.2906,1.0085949,1.0,0.2820051294326782
442,1.2411,1.1994646,1.0,0.04163544044494638
443,1.3324,1.1844883,1.0,0.14791170349121097
444,1.1559,1.2152077,1.0,-0.05930769596099861
445,1.2288,1.0519876,1.0,0.17681235198974599
446,1.0819,1.1598375,1.0,-0.07793748435974113
447,0.9074,1.0964514,1.0,-0.18905140171051027
448,0.9491,0.91535366,1.0,0.03374634418487554
449,1.0983,0.9841669,1.0,0.11413307981491094
450,-0.3652,1.0877203,-1.0,-1.452920274925232
451,0.374,-0.38013864,-1.0,0.754138635635376
452,-1.1702,0.3420532,-1.0,-1.5122532047748565
453,-2.1243,-1.033318,1.0,-1.090981957244873
454,-0.9075,-1.9128588,1.0,1.0053588438034058
455,-1.6444,-0.8401677,1.0,-0.8042322987556458
456,-0.7196,-1.559722,1.0,0.8401219467163086
457,0.9256,-0.81918,-1.0,1.7447800117492676
458,1.0865,0.9602301,1.0,0.12626988792419436
459,0.4357,0.9474797,1.0,-0.5117797248840332
460,1.2238,0.26946023,1.0,0.9543397689342499
461,0.355,1.2286882,1.0,-0.8736882400512695
462,-0.2955,0.37001216,-1.0,-0.6655121641159057
463,1.0796,-0.38361642,-1.0,1.463216417646408
464,0.2417,0.88032395,1.0,-0.6386239464759826
465,-0.9922,0.13703847,-1.0,-1.1292384693145752
466,-1.84,-0.9626209,1.0,-0.8773790860176087
467,-0.2337,-1.6272069,1.0,1.3935069215774536
468,0.623,-0.1785559,-1.0,0.8015559058189392
469,1.1132,0.7367124,1.0,0.376487603855133
470,2.2147,1.1527869,1.0,1.0619131490707399
471,1.9387,2.0797222,1.0,-0.14102216606140128
472,1.8746,1.7711821,1.0,0.10341793975830083
473,1.5485,1.8004419,1.0,-0.25194186115264894
474,1.285,1.4274151,1.0,-0.1424151325225831
475,1.61,1.348385,1.0,0.26161502361297617
476,1.4862,1.6590971,1.0,-0.17289707546234134
477,0.2204,1.2381762,1.0,-1.0177762266159058
478,0.1634,0.14745814,1.0,0.015941863918304433
479,-0.0662,0.24282935,-1.0,-0.3090293526172638
480,-0.1747,0.12949693,-1.0,-0.3041969320297241
481,0.373,-0.10297126,-1.0,0.47597126322984695
482,0.4932,0.47804153,1.0,0.015158470344543484
483,-0.5307,0.5085372,-1.0,-1.0392371732711791
484,-0.5618,-0.5410263,1.0,-0.02077370576858517
485,-2.1012,-0.9365776,1.0,-1.1646223818778991
486,-2.8299,-1.8668458,1.0,-0.9630541538238524
487,-3.1738,-2.1062226,1.0,-1.0675773704528808
488,-3.7799,-2.2968004,1.0,-1.4830996250152588
489,-2.8097,-2.8768997,1.0,0.06719971923828139
490,-2.9197,-2.2765627,1.0,-0.6431373092651369
491,-2.5769,-2.186976,1.0,-0.3899240440368654
492,-2.4156,-2.0868447,1.0,-0.3287553173065185
493,-1.3817,-1.8965436,1.0,0.5148436220169068
494,-0.7455,-1.2197319,1.0,0.47423192691802973
495,-0.5112,-0.76090574,1.0,0.24970574264526368
496,-0.2102,-0.47216386,1.0,0.2619638560295105
497,-0.9182,-0.20065922,1.0,-0.7175407845497132
498,-0.7219,-0.9539923,1.0,0.23209230718612672
499,-0.7687,-0.66066575,1.0,-0.10803424949646001
500,-0.4633,-0.6771816,1.0,0.21388160152435304
501,0.0464,-0.5323318,-1.0,0.5787318243026733
502,-0.4976,0.00043147057,-1.0,-0.49803147057294844
503,-1.1112,-0.5158647,1.0,-0.5953353297233581
504,-1.1538,-0.9327718,1.0,-0.22102819805145257
505,-0.5298,-0.9326944,1.0,0.4028943755149841
506,-0.4332,-0.26914537,1.0,-0.16405463047027585
507,-1.2296,-0.33805677,1.0,-0.8915432270526886
508,-1.4119,-0.9600007,1.0,-0.45189930620193475
509,-1.7479,-1.4280688,1.0,-0.31983124294281007
510,-2.3159,-1.5798302,1.0,-0.7360698303222657
511,-1.5734,-1.9686593,1.0,0.39525928173065195
512,-0.629,-1.1877823,1.0,0.5587822875976562
513,-0.6905,-0.4615395,1.0,-0.22896049308776856
514,-1.3746,-1.062469,1.0,-0.31213099441528325
515,-0.4102,-1.2582686,1.0,0.8480685947418213
516,-0.6126,-0.23530838,1.0,-0.3772916210651398
517,-0.9737,-0.5442679,1.0,-0.4294321071624756
518,-2.369,-1.0927829,1.0,-1.2762171449661257
519,-2.4297,-1.9142202,1.0,-0.5154797861099243
520,-1.1133,-2.2669463,1.0,1.153646315765381
521,-1.2565,-1.283054,1.0,0.026553994178772022
522,-1.711,-1.2116789,1.0,-0.49932113742828377
523,-1.8389,-1.4438266,1.0,-0.39507344379425047
524,-0.9065,-1.6327354,1.0,0.7262353715896607
525,-0.0297,-0.7537146,1.0,0.7240146210670472
526,0.5399,0.15174985,1.0,0.38815015068054204
527,0.8882,0.5688882,1.0,0.3193118125915527
528,0.9029,0.9923702,1.0,-0.08947018823623654
529,1.42,0.9342233,1.0,0.48577670574188225
530,0.8751,1.5667868,1.0,-0.6916867660522461
531,1.692,1.1226768,1.0,0.5693231506347656
532,1.9042,1.5918269,1.0,0.3123730842590331
533,2.0832,1.6546757,1.0,0.4285242778778078
534,2.4167,1.6448566,1.0,0.771843427848816
535,1.9505,2.134109,1.0,-0.1836090202331544
536,1.251,1.8737048,1.0,-0.6227047910690309
537,1.2812,1.326649,1.0,-0.04544895057678233
538,1.4988,1.1038784,1.0,0.3949216211318969
539,0.9525,1.3496798,1.0,-0.3971798276901245
540,0.546,0.90582913,1.0,-0.3598291316032409
541,0.6749,0.5556061,1.0,0.11929387321472174
542,0.5499,0.8041438,1.0,-0.25424378643035883
543,-0.0614,0.637077,-1.0,-0.6984769739151001
544,-0.2137,0.03348107,-1.0,-0.24718106890916824
545,0.171,-0.24832341,-1.0,0.41932341074943547
546,-0.2741,0.14910877,-1.0,-0.42320876750946046
547,-0.2773,-0.22725299,1.0,-0.05004700999259948
548,0.2342,-0.19217718,-1.0,0.42637717647552487
549,0.1373,0.10511383,1.0,0.032186173307895666
550,-0.5293,-0.07982931,1.0,-0.44947068713903426
551,-1.7662,-0.6428333,1.0,-1.1233667075157165
552,-1.6143,-1.6655709,1.0,0.05127085514068597
553,-3.2163,-1.7912573,1.0,-1.4250427377700805
554,-2.7753,-2.7888098,1.0,0.013509776306152244
555,-1.4721,-2.244152,1.0,0.7720520690917969
556,-2.7863,-1.441532,1.0,-1.3447679841995241
557,-2.1995,-2.3468394,1.0,0.14733942794799804
558,-1.8273,-1.848158,1.0,0.020858001899719314
559,-0.7742,-1.4268311,1.0,0.6526311262130737
560,-1.7955,-0.70883936,1.0,-1.0866606431007386
561,-1.8057,-1.4305893,1.0,-0.3751106817245484
562,-2.5047,-1.5207064,1.0,-0.9839935848236085
563,-2.1624,-2.2348893,1.0,0.07248926887512219
564,-2.3517,-1.9472901,1.0,-0.4044099370956422
565,-2.1452,-1.9683591,1.0,-0.176840887260437
566,-1.4346,-1.8210728,1.0,0.3864728168487548
567,-1.4258,-1.3325201,1.0,-0.0932798727035522
568,-0.893,-1.2756845,1.0,0.38268447589874266
569,-1.7553,-0.6810607,1.0,-1.0742393281936646
570,-1.7525,-1.466863,1.0,-0.28563696384429926
571,-1.6188,-1.5078933,1.0,-0.11090667610168459
572,-1.1139,-1.4945201,1.0,0.38062006816864025
573,-1.2086,-1.0713865,1.0,-0.1372135435104369
574,-0.9368,-1.1423289,1.0,0.20552885837554935
575,-0.4233,-0.7988272,1.0,0.3755271713256836
576,0.2195,-0.25323796,-1.0,0.47273796272277835
577,0.1334,0.33492973,1.0,-0.2015297344684601
578,-0.006,0.35134366,-1.0,-0.35734366154670716
579,0.6779,0.3014093,1.0,0.37649069585800166
580,0.2311,0.8322664,1.0,-0.6011663903236389
581,0.3952,0.28719413,1.0,0.10800586719512939
582,0.8357,0.37027037,1.0,0.46542962856292724
583,0.422,0.8279976,1.0,-0.405997624874115
584,-0.4646,0.51338816,-1.0,-0.9779881568908692
585,-1.5771,-0.4577754,1.0,-1.1193245860099792
586,-2.8928,-1.4133594,1.0,-1.4794405963897703
587,-2.5774,-2.218183,1.0,-0.35921695938110343
588,-1.8356,-2.0782216,1.0,0.24262155952453623
589,-2.809,-1.5547335,1.0,-1.2542664852142336
590,-2.4912,-2.3316476,1.0,-0.1595523654937745
591,-1.5462,-1.994382,1.0,0.4481820238113403
592,-1.4806,-1.2944776,1.0,-0.18612241802215568
593,-1.1342,-1.3745016,1.0,0.2403015859603881
594,-0.3065,-0.8055947,1.0,0.49909468269348145
595,-0.3967,-0.13075978,1.0,-0.2659402243614197
596,-0.878,-0.6062655,1.0,-0.27173451471328736
597,-0.8465,-0.8985942,1.0,0.05209420061111447
598,-0.9861,-0.77718467,1.0,-0.2089153347969055
599,-0.688,-1.0612379,1.0,0.37323793125152593
600,-0.6202,-0.8631057,1.0,0.2429057143211365
601,-0.52,-0.7067375,1.0,0.18673751831054686
602,-0.1345,-0.5288059,1.0,0.3943059115409851
603,-0.1438,-0.038262635,1.0,-0.10553736453056337
604,-0.4011,0.11355081,-1.0,-0.5146508120059967
605,-0.5741,-0.18490547,1.0,-0.38919453058242803
606,-0.6523,-0.5167042,1.0,-0.13559579830169677
607,-0.6617,-0.54968005,1.0,-0.1120199458122253
608,-0.0977,-0.647191,1.0,0.5494909880638122
609,-0.2678,-0.07572589,1.0,-0.19207410930395125
610,0.6556,-0.016781256,-1.0,0.6723812556028366
611,1.0093,1.051566,1.0,-0.04226600475311271
612,1.6834,1.3739556,1.0,0.3094443925857544
613,1.5077,1.919783,1.0,-0.4120829961776733
614,1.6786,1.5485349,1.0,0.13006512985229501
615,1.025,1.5432662,1.0,-0.5182661771774293
616,2.2059,0.937491,1.0,1.2684090003013613
617,2.572,1.8417348,1.0,0.730265233039856
618,2.8741,2.2547197,1.0,0.6193802658081053
619,2.4294,2.633468,1.0,-0.2040679126739504
620,1.972,2.2614892,1.0,-0.2894891529083252
621,2.4141,1.7792879,1.0,0.6348120656967162
622,2.1367,2.1064758,1.0,0.03022416992187482
623,1.8691,1.8584682,1.0,0.010631825065612777
624,1.6648,1.6962692,1.0,-0.03146915454864496
625,1.4019,1.4977388,1.0,-0.09583883819580086
626,1.9723,1.245283,1.0,0.7270169923782348
627,1.795,1.7931868,1.0,0.00181321620941155
628,2.1809,1.688386,1.0,0.49251403656005843
629,2.09,1.9613497,1.0,0.12865027427673326
630,1.9508,1.8459321,1.0,0.10486787395477304
631,1.5822,1.6942787,1.0,-0.11207871704101557
632,1.5374,1.3810326,1.0,0.15636741390228281
633,1.0664,1.3918313,1.0,-0.32543127880096434
634,0.4487,0.9990814,1.0,-0.5503813732147217
635,0.3305,0.44202045,1.0,-0.111520446062088
636,0.3638,0.24642488,1.0,0.11737511639595033
637,0.7459,0.31516248,1.0,0.4307375201225281
638,-0.4455,0.75768834,-1.0,-1.2031883435249329
639,-0.8025,-0.33954883,1.0,-0.4629511737823486
640,-1.28,-0.691525,1.0,-0.5884750175476074
641,-1.5974,-1.2503084,1.0,-0.34709160556793206
642,-1.445,-1.4312059,1.0,-0.013794131278991761
643,-1.8484,-1.4419827,1.0,-0.40641725387573246
644,-1.9409,-1.5931104,1.0,-0.34778955783844
645,-1.2964,-1.8996959,1.0,0.603295873260498
646,-1.036,-1.2340167,1.0,0.19801665687561032
647,-0.4493,-0.83968985,1.0,0.39038985080718996
648,-0.0425,-0.41020766,1.0,0.3677076590061188
649,-1.6331,-0.09437204,1.0,-1.5387279584765434
650,-1.3946,-1.580607,1.0,0.18600705661773675
651,-1.6687,-1.278517,1.0,-0.3901829921722413
652,-1.8966,-1.4771196,1.0,-0.41948043498992926
653,-1.4989,-1.7837743,1.0,0.2848742567062379
654,-1.7127,-1.3540274,1.0,-0.3586726095199584
655,-2.0384,-1.6080157,1.0,-0.43038434352874777
656,-2.0534,-1.8060971,1.0,-0.2473028501510619
657,-2.2528,-1.6312882,1.0,-0.621511829185486
658,-2.2621,-1.8382272,1.0,-0.42387284717559837
659,-2.117,-1.9019864,1.0,-0.21501363945007324
660,-1.5415,-1.7456774,1.0,0.20417735195159903
661,-1.9096,-1.4343115,1.0,-0.4752884908676147
662,-2.1303,-1.7424654,1.0,-0.3878346231460572
663,-1.4107,-1.7479986,1.0,0.33729859523773187
664,-0.6503,-1.2269623,1.0,0.5766623279571533
665,-0.6504,-0.5913864,1.0,-0.05901362218856809
666,-0.8412,-0.6349438,1.0,-0.2062562167167663
667,-1.4974,-0.7697937,1.0,-0.727606310749054
668,-1.5829,-1.4353814,1.0,-0.14751858749389646
669,-1.6216,-1.481743,1.0,-0.13985702190399163
670,-1.5745,-1.4347588,1.0,-0.13974121761322023
671,-0.8533,-1.3782393,1.0,0.5249392740249634
672,-1.3321,-0.8193551,1.0,-0.5127449294090272
673,-0.6538,-1.3362883,1.0,0.6824883329391479
674,-0.3294,-0.5846613,1.0,0.2552613049507141
675,-0.4541,-0.24846041,1.0,-0.20563958797454834
676,-0.6153,-0.113642134,1.0,-0.5016578662276268
677,0.1113,-0.41061467,-1.0,0.5219146693229675
678,0.6678,0.2178548,1.0,0.44994520215988154
679,1.3498,0.7910678,1.0,0.5587322209358216
680,1.1719,1.5679513,1.0,-0.39605132160186773
681,1.0386,1.4487613,1.0,-0.4101613439559937
682,2.1071,1.260681,1.0,0.8464189668655395
683,1.7827,2.0178823,1.0,-0.23518234710693364
684,1.5642,1.6022729,1.0,-0.03807286815643307
685,0.4567,1.4217114,1.0,-0.9650114448547363
686,0.0406,0.40980324,1.0,-0.3692032414913178
687,0.6019,0.13550064,1.0,0.46639936032295226
688,0.9461,0.64062697,1.0,0.30547303304672246
689,1.1035,0.88285667,1.0,0.22064333295822136
690,0.2119,1.2666818,1.0,-1.0547817903518677
691,2.3757,0.34053168,1.0,2.035168322992325
692,2.5435,2.171542,1.0,0.37195807075500475
693,1.9068,2.2440646,1.0,-0.33726456947326655
694,2.05,1.7407025,1.0,0.3092974901199339
695,1.6046,1.8835634,1.0,-0.27896339931488034
696,1.3836,1.3849877,1.0,-0.0013877119064331644
697,1.4305,1.1952863,1.0,0.23521372604370128
698,1.2233,1.2798826,1.0,-0.056582550239562934
699,1.5973,1.118531,1.0,0.47876901130676264
700,1.7385,1.4589536,1.0,0.27954638099670404
701,1.6017,1.6045934,1.0,-0.0028933961868287117
702,0.9753,1.5661526,1.0,-0.590852572631836
703,0.8538,1.0703826,1.0,-0.21658259506225586
704,1.9591,0.8941632,1.0,1.064936808681488
705,1.7902,1.6952834,1.0,0.0949165870666504
706,1.6629,1.7394578,1.0,-0.07655784568786617
707,0.8508,1.5291675,1.0,-0.6783675329208374
708,0.2377,0.9545883,1.0,-0.7168882940292358
709,0.1445,0.2754006,1.0,-0.1309006087779999
710,0.4119,0.24057057,1.0,0.1713294250011444
711,0.0672,0.32105973,1.0,-0.2538597336292267
712,0.6247,-0.2078329,-1.0,0.8325329026699066
713,0.8868,0.40113488,1.0,0.4856651216030121
714,0.567,0.8035371,1.0,-0.23653707075119024
715,-0.5423,0.6525051,-1.0,-1.194805099773407
716,-1.4712,-0.76512235,1.0,-0.7060776459693909
717,-2.0138,-1.4556934,1.0,-0.5581066358566282
718,-1.9479,-1.9309181,1.0,-0.01698190250396725
719,-1.1876,-1.8806335,1.0,0.6930334733963013
720,-2.1971,-1.2873459,1.0,-0.9097541137695311
721,-1.6805,-1.8973576,1.0,0.21685758304595937
722,-1.7378,-1.4169074,1.0,-0.3208925703048706
723,-2.1811,-1.4401821,1.0,-0.7409179101943968
724,-1.1721,-1.7296788,1.0,0.557578750038147
725,-1.2143,-0.9673539,1.0,-0.2469461195945739
726,-1.3179,-1.1710922,1.0,-0.14680784740448005
727,-0.9141,-1.3011992,1.0,0.387099197769165
728,-1.3262,-0.7875214,1.0,-0.5386785780906678
729,-0.3272,-1.2613641,1.0,0.9341641023635865
730,-0.3057,-0.30022177,1.0,-0.005478228998184231
731,0.0383,-0.15643719,-1.0,0.19473718838691711
732,0.6032,0.0880947,1.0,0.5151053035974502
733,0.7603,0.4182856,1.0,0.342014391708374
734,1.0298,1.0180397,1.0,0.011760296630859424
735,1.0403,1.3771948,1.0,-0.33689476222991943
736,0.3218,1.2231357,1.0,-0.9013357097625733
737,-0.0201,0.23342663,-1.0,-0.25352663049697877
738,1.007,-0.19866264,-1.0,1.2056626386642455
739,1.6345,0.90043175,1.0,0.734068247795105
740,1.5138,1.450452,1.0,0.0633480298995972
741,1.4548,1.5339283,1.0,-0.07912827510833731
742,2.0002,1.4760834,1.0,0.5241166021347046
743,2.0616,1.975787,1.0,0.08581295642852771
744,1.3375,1.9489719,1.0,-0.6114718675613404
745,1.9424,1.1563296,1.0,0.78607036819458
746,2.2423,1.7667373,1.0,0.47556265811920184
747,2.6455,1.95694,1.0,0.6885599451065065
748,1.887,2.3074534,1.0,-0.4204533939361572
749,1.4818,1.7786288,1.0,-0.2968288261413574
750,1.8706,1.3884518,1.0,0.4821481853485108
751,1.3067,1.6745707,1.0,-0.36787067966461184
752,0.9035,1.1607145,1.0,-0.25721450710296634
753,0.9399,0.7650257,1.0,0.1748743247032165
754,1.3367,0.8480138,1.0,0.48868618173599243
755,1.2393,1.3079708,1.0,-0.06867076225280755
756,1.315,1.1584044,1.0,0.15659564971923823
757,0.6502,1.3893602,1.0,-0.7391601894378662
758,0.4884,0.71297914,1.0,-0.22457913789749145
759,-0.5653,0.5179784,-1.0,-1.0832784297943117
760,-0.7253,-0.5652692,1.0,-0.16003082780838007
761,-0.5079,-0.7448765,1.0,0.23697650394439695
762,-1.1423,-0.28116748,1.0,-0.8611325226306916
763,-0.9478,-1.0064055,1.0,0.05860547275543215
764,-1.1452,-0.9256821,1.0,-0.21951787252426147
765,-1.3392,-0.9925234,1.0,-0.3466766278266906
766,-0.9547,-1.2440946,1.0,0.2893946102142334
767,-0.1054,-1.1033107,1.0,0.9979107042312623
768,-0.1101,-0.28894985,1.0,0.1788498472213745
769,-1.1226,-0.15251848,1.0,-0.970081518983841
770,-0.998,-1.1550885,1.0,0.15708854389190674
771,-2.1394,-1.118238,1.0,-1.0211620277404787
772,-2.7528,-2.052246,1.0,-0.7005539062500001
773,-2.4443,-2.306081,1.0,-0.1382189434051515
774,-1.4113,-1.9583269,1.0,0.5470269357681274
775,-1.596,-1.4880286,1.0,-0.10797135448455819
776,-0.698,-1.4670101,1.0,0.7690101404190064
777,-1.3686,-0.5695545,1.0,-0.7990454922676087
778,-0.8337,-1.0699245,1.0,0.2362244737625122
779,-0.1579,-0.67375916,1.0,0.5158591624259948
780,-0.9598,0.049751125,-1.0,-1.0095511252760887
781,-0.7601,-0.8826948,1.0,0.1225947808265686
782,-0.3672,-0.6013536,1.0,0.23415358572006223
783,-0.2204,-0.22393006,1.0,0.0035300608634948605
784,-0.2849,-0.09980593,1.0,-0.18509407123327254
785,0.6968,-0.09587578,-1.0,0.7926757773041725
786,1.3091,0.91219956,1.0,0.39690044317245476
787,2.5079,1.4493377,1.0,1.0585622791290281
788,2.7079,2.263746,1.0,0.4441539768218994
789,1.9817,2.4805248,1.0,-0.49882477836608885
790,1.6406,1.899117,1.0,-0.2585169929504394
791,1.783,1.6365895,1.0,0.14641047286987297
792,1.6937,1.4961711,1.0,0.19752888317108153
793,1.5769,1.4770436,1.0,0.09985637130737302
794,1.2343,1.406401,1.0,-0.1721010381698609
795,1.8583,1.2090648,1.0,0.6492351587295533
796,1.5698,1.7265466,1.0,-0.15674664516448966
797,1.6578,1.3897606,1.0,0.26803938655853266
798,1.586,1.5531136,1.0,0.03288642024993904
799,1.4572,1.3689047,1.0,0.08829529018402105
800,1.1128,1.2922801,1.0,-0.17948007793426513
801,1.0728,1.0583693,1.0,0.014430721092224097
802,2.0778,1.9608022,1.0,0.11699780254364
803,1.9289,1.7964247,1.0,0.13247525348663336
804,2.1733,1.7401904,1.0,0.433109613227844
805,1.6107,1.8942765,1.0,-0.28357649974822996
806,0.7331,1.5458773,1.0,-0.8127773374557495
807,-0.8546,0.720595,-1.0,-1.5751950021743775
808,-1.9505,-0.7707724,1.0,-1.179727602481842
809,-1.6426,-1.8434932,1.0,0.20089322319030756
810,-3.3527,-1.5394634,1.0,-1.8132365991592407
811,-2.7944,-2.5449965,1.0,-0.2494034999847412
812,-1.0865,-2.147923,1.0,1.0614229927062988
813,-1.8936,-0.8849368,1.0,-1.008663190460205
814,-0.7144,-1.5626214,1.0,0.8482213550567627
815,-1.4533,-0.7148274,1.0,-0.7384725816726685
816,-1.7542,-1.1118668,1.0,-0.64233316822052
817,-3.1567,-1.6187419,1.0,-1.5379581300735472
818,-1.688,-2.3683524,1.0,0.6803524131774903
819,-2.3467,-1.5977575,1.0,-0.7489425413131712
820,-3.5385,-2.0132148,1.0,-1.5252851734161377
821,-1.8411,-2.7780652,1.0,0.9369652046203614
822,-3.1787,-1.5983609,1.0,-1.5803391038894654
823,-1.9304,-2.586018,1.0,0.6556180854797364
824,-2.0463,-1.6460567,1.0,-0.4002433479309082
825,-1.7919,-1.5957463,1.0,-0.19615372123718267
826,-1.977,-1.5745416,1.0,-0.4024584312438966
827,-1.8033,-1.7311826,1.0,-0.07211742477416982
828,-1.0591,-1.4949268,1.0,0.43582681026458747
829,-1.0505,-1.0488614,1.0,-0.0016386156082153214
830,-0.5431,-0.85490996,1.0,0.3118099564552307
831,-0.8034,-0.34641847,1.0,-0.45698152985572815
832,-0.4185,-0.58138376,1.0,0.16288376474380495
833,-0.4485,-0.31846055,1.0,-0.13003944611549378
834,-0.8375,-0.25191778,1.0,-0.5855822205543518
835,-0.5732,-0.7537828,1.0,0.18058280878067012
836,-0.6889,-0.5815248,1.0,-0.10737521066665645
837,0.2401,-0.70964605,-1.0,0.9497460461616516
838,0.2898,0.36812538,1.0,-0.07832537908554077
839,0.6613,0.2755486,1.0,0.3857513928890228
840,0.7031,0.67487836,1.0,0.028221641159057564
841,0.8865,0.80192333,1.0,0.0845766654014587
842,1.6657,0.9862333,1.0,0.6794667059898376
843,1.453,1.7393894,1.0,-0.286389419555664
844,1.856,1.4128376,1.0,0.44316237545013437
845,2.0012,1.9844688,1.0,0.016731182289123403
846,1.7164,1.9847704,1.0,-0.26837041721344
847,1.0022,1.5539829,1.0,-0.5517828538894654
848,1.4519,0.9592668,1.0,0.49263321819305417
849,1.333,1.3049539,1.0,0.028046067237853967
850,1.4786,1.1215521,1.0,0.35704789028167716
851,1.4955,1.3015504,1.0,0.1939496116638184
852,1.1243,1.3665138,1.0,-0.24221384830474846
853,1.5751,1.0191145,1.0,0.5559855056762695
854,1.4607,1.4749347,1.0,-0.014234697151183973
855,0.9329,1.4284092,1.0,-0.495509218788147
856,1.0716,0.96899194,1.0,0.1026080647468568
857,1.2365,1.0536157,1.0,0.182884310722351
858,1.2734,1.1707139,1.0,0.1026860984802247
859,1.4475,1.1822058,1.0,0.26529420375823975
860,1.6012,1.4056307,1.0,0.19556929225921627
861,1.6804,1.4820365,1.0,0.19836352863311757
862,1.1543,1.4720453,1.0,-0.31774530239105214
863,0.8453,1.0631939,1.0,-0.21789391727447505
864,1.0483,0.8372689,1.0,0.2110311110496521
865,1.1713,0.9816378,1.0,0.18966222410202027
866,1.7279,1.190221,1.0,0.5376790479660034
867,1.5785,1.6611357,1.0,-0.0826356735229492
868,2.1529,1.5874943,1.0,0.5654057458877562
869,1.6693,2.0048082,1.0,-0.3355081874847412
870,1.7158,1.6270841,1.0,0.08871586399078368
871,1.5468,1.6168339,1.0,-0.07003392524719243
872,1.6099,1.4181062,1.0,0.19179380168914806
873,1.4546,1.4959322,1.0,-0.0413322214126588
874,1.8217,1.201913,1.0,0.6197870008468629
875,1.756,1.6263226,1.0,0.1296773729324341
876,1.8202,1.6840692,1.0,0.13613084335327152
877,1.8914,1.743095,1.0,0.14830495967864987
878,1.5299,1.7832024,1.0,-0.25330240974426266
879,2.0889,1.3434737,1.0,0.7454263271331789
880,2.1585,1.7952152,1.0,0.3632847509384156
881,2.1812,1.9353199,1.0,0.24588009948730472
882,2.3933,1.9752902,1.0,0.41800982074737547
883,0.6731,2.1263657,1.0,-1.4532656616210937
884,0.8463,0.64412886,1.0,0.20217114095687871
885,1.1672,0.7119079,1.0,0.4552920767784119
886,1.6618,1.1310827,1.0,0.5307173460006713
887,1.6664,1.5111424,1.0,0.15525762691497813
888,1.6533,1.5738605,1.0,0.07943947391510009
889,1.5318,1.5182344,1.0,0.013565627861023
890,1.7548,1.3615984,1.0,0.3932016275405883
891,1.8807,1.5867339,1.0,0.29396606273651127
892,1.0842,1.7578516,1.0,-0.6736516006469726
893,1.3547,1.0461537,1.0,0.3085463354110718
894,0.4669,1.2302897,1.0,-0.7633896976470947
895,0.8113,0.29333457,1.0,0.5179654264926911
896,1.5073,0.67948765,1.0,0.827812354373932
897,1.8911,1.4600768,1.0,0.43102319107055664
898,1.9972,1.8130566,1.0,0.1841434118270875
899,2.8035,1.8193749,1.0,0.984125081062317
900,2.2099,2.2943592,1.0,-0.08445920715332011
901,2.5042,2.1150434,1.0,0.38915659828186033
902,2.5448,2.190006,1.0,0.3547939823150634
903,2.5214,2.2949326,1.0,0.2264673961639403
904,1.5874,2.2497811,1.0,-0.6623811317443848
905,1.6956,1.3949288,1.0,0.30067118701934814
906,1.63,1.52852,1.0,0.10148001194000233
907,1.3023,1.5199547,1.0,-0.21765468139648436
908,1.2582,1.1881202,1.0,0.07007975406646727
909,2.035,1.1781613,1.0,0.8568387365341188
910,1.5304,1.739118,1.0,-0.20871798000335695
911,1.5145,1.36675,1.0,0.14774999809265132
912,0.671,1.404933,1.0,-0.7339329757690429
913,0.3456,0.5916512,1.0,-0.24605120124816893
914,0.8304,0.34599173,1.0,0.4844082693099976
915,0.3645,0.77528304,1.0,-0.41078303861618043
916,0.6956,0.42725864,1.0,0.2683413594722748
917,0.8215,0.76729137,1.0,0.05420863294601441
918,1.3971,0.9203868,1.0,0.47671320877075196
919,1.8049,1.3229355,1.0,0.4819645380020141
920,1.7976,1.6902543,1.0,0.10734566936492929
921,1.7368,1.6162814,1.0,0.12051860980987539
922,2.1124,1.6269788,1.0,0.48542124500274664
923,1.5314,1.8424386,1.0,-0.31103857860565176
924,1.3534,1.4913515,1.0,-0.13795148525238043
925,0.5432,1.3207419,1.0,-0.7775418918609619
926,1.6356,0.3797769,1.0,1.2558231049537658
927,1.6716,1.4141558,1.0,0.2574441591262817
928,1.5274,1.5006647,1.0,0.026735289001464935
929,1.9767,1.3953148,1.0,0.5813851873397826
930,2.2698,1.8145353,1.0,0.45526473979949955
931,1.7204,2.1200676,1.0,-0.39966759643554695
932,2.1729,1.5272382,1.0,0.6456617502212523
933,2.2261,1.8973216,1.0,0.32877841815948505
934,2.2438,1.9902724,1.0,0.2535275972366331
935,2.2961,1.9952356,1.0,0.3008644376754761
936,2.7876,2.0768006,1.0,0.710799415206909
937,2.3189,2.399596,1.0,-0.08069597587585431
938,2.2298,2.074025,1.0,0.15577508430480957
939,2.2169,1.9739485,1.0,0.2429515213012694
940,2.4418,1.8714283,1.0,0.5703717487335207
941,2.3913,2.0887344,1.0,0.3025656116485598
942,0.9166,2.0873349,1.0,-1.1707348712921144
943,0.5425,0.86258286,1.0,-0.32008286237716677
944,-0.6737,0.42975676,-1.0,-1.103456760597229
945,-0.0366,-0.7640184,1.0,0.7274184164047242
946,-0.6225,-0.22695428,1.0,-0.3955457186698914
947,-0.8766,-0.5523477,1.0,-0.324252280330658
948,-0.4337,-0.61002815,1.0,0.17632814769744876
949,-0.0613,-0.3927383,1.0,0.33143831248283384
950,-0.5566,0.11245578,-1.0,-0.669055777823925
951,-1.0257,-0.49803,1.0,-0.5276699931144715
952,-1.3559,-0.8112014,1.0,-0.5446986063957215
953,-1.2504,-1.1393741,1.0,-0.1110258630752563
954,-0.7259,-1.3214957,1.0,0.5955956521987915
955,-1.6372,-0.7491066,1.0,-0.8880934140205383
956,-1.4343,-1.4508672,1.0,0.016567176055908295
957,-0.7698,-1.4150134,1.0,0.6452134325027465
958,-0.2149,-0.8068891,1.0,0.5919891167640686
959,-0.3442,-0.17287779,1.0,-0.17132221145629883
960,-0.1519,-0.13363281,1.0,-0.018267191076278694
961,0.2742,0.017631218,1.0,0.2565687821626663
962,-0.5111,0.35305765,-1.0,-0.8641576527118683
963,0.0867,-0.50694776,-1.0,0.5936477558135986
964,-0.3906,-0.066249035,1.0,-0.3243509647011757
965,0.1119,-0.3465223,-1.0,0.4584223014354706
966,0.3086,0.09718021,1.0,0.21141978994607924
967,0.8008,0.32731974,1.0,0.4734802587509155
968,1.7979,0.7767805,1.0,1.0211195138931275
969,1.8024,1.8281223,1.0,-0.02572225818634033
970,1.6277,1.9852678,1.0,-0.3575677583694459
971,1.6065,1.9352099,1.0,-0.3287098703384399
972,1.3738,1.3900639,1.0,-0.016263881874084563
973,0.7578,1.2951285,1.0,-0.5373284646987915
974,0.7783,0.6611733,1.0,0.1171267159461975
975,0.7173,0.72132,1.0,-0.004019973468780469
976,0.6677,0.8604093,1.0,-0.1927093194007874
977,0.6853,0.76290095,1.0,-0.07760094852447508
978,0.1278,0.60886955,1.0,-0.48106955261230466
979,0.3861,0.14619899,1.0,0.23990101203918457
980,-0.9806,0.5595729,-1.0,-1.5401728754997253
981,-0.4133,-0.7743791,1.0,0.36107907457351684
982,-1.3637,-0.43092418,1.0,-0.9327758228302001
983,-1.3117,-1.2659951,1.0,-0.04570485515594491
984,-0.6911,-1.2091907,1.0,0.5180907262802124
985,0.8783,-0.7162395,-1.0,1.5945395119667052
986,1.9219,0.9030395,1.0,1.0188604849815368
987,1.7981,1.8693053,1.0,-0.0712052530288696
988,0.8202,1.6242241,1.0,-0.8040240667343139
989,0.0553,0.85350066,1.0,-0.7982006642341614
990,0.9061,-0.06196683,-1.0,0.9680668290019036
991,0.6734,0.7815034,1.0,-0.10810337934494019
992,0.9734,0.51234716,1.0,0.4610528382301331
993,1.2259,0.8743579,1.0,0.3515421208381653
994,1.0171,1.1021086,1.0,-0.08500859775543224
995,0.6529,0.92665374,1.0,-0.27375374279022213
996,0.9232,0.6562131,1.0,0.266986895275116
997,0.6077,0.9764189,1.0,-0.36871891241073607
998,0.6398,0.91245705,1.0,-0.2726570488929748
999,1.2463,0.7531281,1.0,0.4931718886375427
1000,1.4711,1.1682941,1.0,0.302805927848816
1001,1.7681,1.4002746,1.0,0.3678253656387329
1002,1.7168,1.7241825,1.0,-0.007382486534118549
1003,2.0473,1.8169724,1.0,0.23032762508392324
1004,1.8909,1.9364295,1.0,-0.04552950057983396
1005,1.7659,1.6050551,1.0,0.16084490623474124
1006,1.7446,1.4946389,1.0,0.24996108016967766
1007,1.7702,1.582303,1.0,0.18789695281982421
1008,1.7218,1.5557181,1.0,0.1660819356918335
1009,0.927,1.6091874,1.0,-0.682187364578247
1010,0.9935,0.83097684,1.0,0.1625231561660767
1011,0.8652,0.9208068,1.0,-0.055606825160980256
1012,1.0808,0.879333,1.0,0.20146698074340819
1013,1.5041,1.08205,1.0,0.4220500341415405
1014,1.7549,1.4875003,1.0,0.2673996900558471
1015,1.91,1.6508005,1.0,0.25919953346252433
1016,1.6081,1.732273,1.0,-0.12417298259735099
1017,1.3339,1.4878031,1.0,-0.15390310153961173
1018,1.3547,1.268119,1.0,0.08658102245330812
1019,1.0889,1.2911417,1.0,-0.20224174842834475
1020,1.2093,1.0157108,1.0,0.19358916931152348
1021,1.5904,1.130863,1.0,0.4595370487213135
1022,1.5262,1.4604199,1.0,0.0657801067352295
1023,1.4214,1.4385082,1.0,-0.01710815296173096
1024,1.4447,1.3372656,1.0,0.10743438930511484
1025,0.7167,1.3488934,1.0,-0.632193404006958
1026,1.0676,0.70835537,1.0,0.3592446328163148
1027,0.2927,1.0631483,1.0,-0.7704482601165772
1028,1.7043,0.3164085,1.0,1.3878915148258208
1029,2.5217,1.6119815,1.0,0.9097184888839722
1030,1.3716,2.4219737,1.0,-1.0503737052917481
1031,1.1964,1.4485918,1.0,-0.25219182834625253
1032,1.629,1.226891,1.0,0.40210895919799805
1033,1.1261,1.5778946,1.0,-0.45179456844329824
1034,0.4836,1.019878,1.0,-0.5362780298233032
1035,1.5022,0.4835903,1.0,1.018609695148468
1036,3.092,1.2417892,1.0,1.8502107782363892
1037,3.128,2.6391973,1.0,0.48880265045166027
1038,2.4544,2.7092502,1.0,-0.2548502117156981
1039,2.6891,2.2696066,1.0,0.41949340972900373
1040,2.4674,2.366169,1.0,0.10123102416992191
1041,0.8134,2.1823325,1.0,-1.3689325157165526
1042,1.0635,0.68826795,1.0,0.37523205375671376
1043,-0.1086,0.90781313,-1.0,-1.0164131318092346
1044,1.1632,-0.10460109,-1.0,1.2678010926365852
1045,1.9486,1.2711929,1.0,0.6774070917129518
1046,1.5663,1.811771,1.0,-0.24547103519439695
1047,2.0504,1.5263275,1.0,0.5240725091934202
1048,2.0262,1.9869512,1.0,0.039248768043517845
1049,2.1749,1.8504156,1.0,0.3244844125747681
1050,1.958,1.9502431,1.0,0.007756884574890099
1051,1.6773,1.7242533,1.0,-0.0469532968521118
1052,1.7781,1.4918746,1.0,0.2862254243850708
1053,1.8629,1.6030229,1.0,0.2598770669937134
1054,1.5911,1.7335575,1.0,-0.14245746269226078
1055,1.2946,1.5695778,1.0,-0.27497781314849856
1056,1.0346,1.2082052,1.0,-0.17360522308349613
1057,0.7998,0.88287455,1.0,-0.08307454843521123
1058,-0.3837,0.64682645,-1.0,-1.030526446056366
1059,-0.5303,-0.20384651,1.0,-0.3264534857749939
1060,-0.2185,-0.38137978,1.0,0.16287978315353394
1061,-1.9053,-0.14523119,1.0,-1.7600688126564026
1062,-1.6575,-1.8090941,1.0,0.15159407138824466
1063,-0.3313,-1.47464,1.0,1.1433400117874146
1064,-1.197,-0.33783233,1.0,-0.8591676683425904
1065,-2.6336,-1.0750357,1.0,-1.5585643087387084
1066,-3.004,-1.9197795,1.0,-1.0842204608917236
1067,-1.9893,-2.2444074,1.0,0.2551074153900146
1068,-2.7964,-1.7208415,1.0,-1.0755584730148318
1069,-1.2009,-2.2167494,1.0,1.0158494297027587
1070,-1.2098,-1.1769174,1.0,-0.03288256626129149
1071,-0.4573,-1.2119807,1.0,0.7546807004928588
1072,-0.6954,-0.5888332,1.0,-0.10656678714752199
1073,-0.372,-0.4467405,1.0,0.07474050807952881
1074,-0.1893,-0.272084,1.0,0.08278399772644043
1075,-0.0375,0.02246651,-1.0,-0.0599665105342865
1076,-0.9863,-0.014044762,1.0,-0.9722552383422851
1077,-0.8141,-0.8809381,1.0,0.06683811273574825
1078,-0.2219,-0.9160966,1.0,0.6941966277122498
1079,-0.3162,-0.23544362,1.0,-0.08075637812614439
1080,-0.8238,-0.23148519,1.0,-0.5923148119926452
1081,-0.8237,-0.6108381,1.0,-0.21286188478469847
1082,-0.2518,-0.91562474,1.0,0.663824737739563
1083,-0.1985,-0.1298703,1.0,-0.06862970447540284
1084,-0.3367,-0.012476765,1.0,-0.32422323538064957
1085,0.4199,-0.32000637,-1.0,0.7399063705444335
1086,1.4092,0.57468617,1.0,0.8345138303756714
1087,2.6724,1.6275046,1.0,1.0448954128265382
1088,2.3618,2.5309472,1.0,-0.1691472084045409
1089,2.2604,2.3070223,1.0,-0.046622333145141415
1090,2.569,2.205129,1.0,0.3638710918426513
1091,2.4954,2.2913337,1.0,0.20406632461547858
1092,2.1373,2.0314133,1.0,0.10588668327331563
1093,2.3735,1.833616,1.0,0.5398839817047119
1094,1.7012,2.084343,1.0,-0.3831429565429687
1095,2.051,1.5324615,1.0,0.5185384759902956
1096,1.9192,1.8351678,1.0,0.08403223438262941
1097,1.4719,1.7859411,1.0,-0.31404112396240236
1098,1.1782,1.4398214,1.0,-0.26162136249542245
1099,1.3723,1.0915474,1.0,0.28075263004302986
1100,0.8946,1.2246319,1.0,-0.33003190555572515
1101,1.2342,0.8074135,1.0,0.4267864815711975
1102,1.3578,1.1737349,1.0,0.1840650966644286
1103,1.1245,1.283277,1.0,-0.15877703475952143
1104,0.9451,1.1287152,1.0,-0.18361515750885005
1105,0.9951,0.97376543,1.0,0.02133456716537474
1106,0.7265,0.9427275,1.0,-0.21622750616073605
1107,0.4982,0.6184417,1.0,-0.1202417009353638
1108,-0.1494,0.42910913,-1.0,-0.578509126329422
1109,-0.3149,-0.12142832,1.0,-0.19347168167829515
1110,-0.131,-0.41388535,1.0,0.28288535499572753
1111,0.102,-0.3082799,-1.0,0.41027990174293516
1112,-1.127,0.033862107,-1.0,-1.1608621065020561
1113,-1.3548,-1.1200458,1.0,-0.23475421886444092
1114,-3.0888,-1.4351562,1.0,-1.653643773841858
1115,-2.5544,-2.7812862,1.0,0.22688623962402366
1116,-1.2701,-2.2480164,1.0,0.977916357421875
1117,-1.5222,-1.2008908,1.0,-0.32130922050476074
1118,-1.7652,-1.4726132,1.0,-0.29258678455352793
1119,-1.5843,-1.5230461,1.0,-0.061253864097595256
1120,-0.614,-1.389638,1.0,0.7756379470825195
1121,-0.8222,-0.56643385,1.0,-0.25576615304946904
1122,-0.0278,-0.65607065,1.0,0.6282706496238708
1123,0.0737,0.044297867,1.0,0.029402133476734163
1124,0.2522,-0.14966503,-1.0,0.40186502785682676
1125,0.1178,0.22874272,1.0,-0.11094271869659424
1126,0.3248,0.23709953,1.0,0.08770047168731687
1127,0.1888,0.3783265,1.0,-0.18952650542259217
1128,0.3085,0.14006585,1.0,0.16843415117263794
1129,-0.1946,0.22890449,-1.0,-0.42350448570251464
1130,0.7125,-0.1903401,-1.0,0.9028401017189026
1131,0.9098,0.66506827,1.0,0.2447317312240601
1132,1.0011,1.0595835,1.0,-0.058483544731140036
1133,1.0611,1.1963183,1.0,-0.13521826877594
1134,1.7025,1.0117455,1.0,0.6907545471191405
1135,1.8542,1.6847435,1.0,0.16945647640228279
1136,2.3333,1.8349437,1.0,0.4983563478469848
1137,1.7722,2.0870457,1.0,-0.31484566955566406
1138,1.4378,1.7165642,1.0,-0.2787641784667969
1139,1.9622,1.3593212,1.0,0.6028787633895873
1140,1.4126,1.6986256,1.0,-0.28602556457519523
1141,1.5593,1.3206714,1.0,0.2386285608291625
1142,1.8545,1.3999071,1.0,0.454592887878418
1143,1.7159,1.6469159,1.0,0.06898408737182615
1144,1.9227,1.6051655,1.0,0.31753451843261726
1145,1.7606,1.7843813,1.0,-0.02378127040863043
1146,2.1733,1.5887588,1.0,0.5845411737442014
1147,2.1487,2.01492,1.0,0.13378000373840315
1148,1.9315,1.9533278,1.0,-0.021827775001525884
1149,1.8459,1.8057536,1.0,0.04014641132354746
1150,2.2169,1.6657847,1.0,0.5511152833938597
1151,2.2268,1.9583844,1.0,0.268415605354309
1152,2.0918,1.9718392,1.0,0.11996081047058116
1153,1.6512,1.8593851,1.0,-0.20818513278961182
1154,1.7697,1.4718176,1.0,0.2978823873519898
1155,1.7854,1.5579183,1.0,0.22748168983459482
1156,1.6454,1.5661994,1.0,0.07920057811737058
1157,1.6013,1.4722395,1.0,0.12906050567626948
1158,1.2268,1.5114549,1.0,-0.28465493984222423
1159,0.8505,1.141962,1.0,-0.29146205139160153
1160,0.4578,0.7608051,1.0,-0.30300507040023805
1161,0.9001,0.41050944,1.0,0.48959056267738343
1162,1.1944,0.8990534,1.0,0.2953466052055358
1163,1.4541,1.1981634,1.0,0.255936609840393
1164,1.9396,1.3514664,1.0,0.5881335826873779
1165,1.8379,1.7585721,1.0,0.07932789840698251
1166,1.1643,1.7013532,1.0,-0.5370531923294068
1167,1.2901,1.0674093,1.0,0.22269072303771975
1168,1.3316,1.2289616,1.0,0.10263841304779042
1169,0.9794,1.2452637,1.0,-0.26586369571685786
1170,0.9465,0.9288502,1.0,0.017649826049804695
1171,1.2889,0.8844926,1.0,0.404407423877716
1172,1.3308,1.2240419,1.0,0.1067580612182617
1173,1.7375,1.368431,1.0,0.36906902790069585
1174,1.3357,1.7282493,1.0,-0.39254931144714345
1175,1.4532,1.3951203,1.0,0.05807973690032964
1176,0.9596,1.419315,1.0,-0.45971498050689696
1177,0.7582,0.94220906,1.0,-0.18400906496047975
1178,1.0283,0.60801023,1.0,0.4202897675514221
1179,1.3212,0.907877,1.0,0.4133229720115661
1180,1.277,1.3946501,1.0,-0.11765010166168222
1181,0.3472,1.4364604,1.0,-1.0892603757858277
1182,-0.6154,0.5404627,-1.0,-1.1558626727104186
1183,-0.1939,-0.4066456,1.0,0.21274559602737428
1184,0.8169,-0.1527299,-1.0,0.9696298986911773
1185,2.2801,0.51494396,1.0,1.7651560426712036
1186,2.3216,1.9215088,1.0,0.4000912109375001
1187,2.1613,2.0695457,1.0,0.09175425415039085
1188,1.4123,1.9399573,1.0,-0.5276572610855101
1189,2.2066,1.3283864,1.0,0.878213574028015
1190,3.276,2.171459,1.0,1.104541040420532
1191,2.7869,2.786979,1.0,-7.896003723129041e-05
1192,2.5871,2.445675,1.0,0.14142510375976558
1193,2.2337,2.1675406,1.0,0.0661594497680662
1194,2.2128,1.9459405,1.0,0.2668595054626466
1195,2.0706,1.9937551,1.0,0.07684489784240744
1196,1.6503,1.8677663,1.0,-0.21746626110076894
1197,1.3059,1.513658,1.0,-0.20775804672241205
1198,0.7551,1.1450961,1.0,-0.3899960636138916
1199,0.6579,0.5828791,1.0,0.07502087392807011
1200,0.4283,0.48647034,1.0,-0.05817034168243407
1201,0.8542,0.36420983,1.0,0.48999016923904415
1202,0.8398,1.0147587,1.0,-0.17495870609283448
1203,0.0334,0.87983394,1.0,-0.8464339366912842
1204,-1.3882,0.044946328,-1.0,-1.4331463278055192
1205,-1.2684,-1.1320237,1.0,-0.1363763078689575
1206,-0.6885,-1.0344652,1.0,0.3459651937484741
1207,-0.1424,-0.65415645,1.0,0.5117564464569092
1208,-0.1172,-0.13099763,1.0,0.01379762797355652
1209,-0.6702,-0.21299362,1.0,-0.45720637817382814
1210,-2.5379,-0.81365263,1.0,-1.7242473653793335
1211,-2.4378,-2.1815717,1.0,-0.25622827796936054
1212,-2.5481,-2.2308455,1.0,-0.31725454864501934
1213,-2.0271,-2.020123,1.0,-0.006976995086669824
1214,-2.9596,-1.833624,1.0,-1.125975994682312
1215,-1.9197,-2.4313211,1.0,0.5116211441040039
1216,-1.4739,-1.7716521,1.0,0.29775210247039796
1217,-0.9893,-1.3316196,1.0,0.3423196203231812
1218,-1.1409,-0.8050342,1.0,-0.3358657797813416
1219,-1.3734,-0.8888367,1.0,-0.484563318157196
1220,-1.4142,-1.2614856,1.0,-0.15271442337036123
1221,-1.0038,-1.2795442,1.0,0.27574423427581785
1222,-0.209,-0.95149714,1.0,0.7424971375465393
1223,0.1002,-0.26067019,-1.0,0.36087018508911134
1224,0.5954,0.25830778,1.0,0.33709221520423893
1225,1.0151,0.7646362,1.0,0.25046378145217885
1226,1.0086,1.1339778,1.0,-0.12537777080535895
1227,1.3576,1.1188929,1.0,0.23870709190368644
1228,0.9335,1.4526852,1.0,-0.5191852369308472
1229,1.4618,0.9746896,1.0,0.4871103971481323
1230,1.5828,1.491944,1.0,0.09085604457855223
1231,1.6807,1.5430346,1.0,0.13766544647216805
1232,2.1942,1.7327293,1.0,0.46147068424224846
1233,2.2406,2.0770712,1.0,0.16352881011962905
1234,2.1449,2.0677736,1.0,0.07712641944885235
1235,2.0919,1.9700407,1.0,0.12185932102203356
1236,2.2893,1.7823232,1.0,0.5069767587661742
1237,2.5031,1.9616363,1.0,0.5414636951446532
1238,2.2389,2.1731057,1.0,0.06579428329467785
1239,1.9589,1.9679939,1.0,-0.009093855476379309
1240,1.5809,1.7715565,1.0,-0.19065649662017825
1241,1.0501,1.4169827,1.0,-0.3668826507568359
1242,1.058,0.9671001,1.0,0.09089991617202764
1243,1.282,0.95944947,1.0,0.32255052995681766
1244,1.2067,1.1742631,1.0,0.032436880302429305
1245,1.3465,1.1150662,1.0,0.23143382930755618
1246,1.2798,1.2314057,1.0,0.04839426498413091
1247,1.5142,1.1913825,1.0,0.3228174726486206
1248,1.5953,1.4209669,1.0,0.1743331363677978
1249,1.1428,1.5413418,1.0,-0.3985417816162109
1250,0.9498,1.131143,1.0,-0.18134297389984133
1251,1.035,0.92675465,1.0,0.10824534654617302
1252,0.2346,0.97679967,1.0,-0.7421996668815612
1253,1.0805,0.23647457,1.0,0.8440254263877869
1254,0.3671,1.0295426,1.0,-0.6624425653457642
1255,-0.478,0.4346536,-1.0,-0.9126536099910736
1256,-0.2115,-0.6014654,1.0,0.38996540403366087
1257,-1.188,-0.23521727,1.0,-0.9527827267646789
1258,-0.8894,-1.11112,1.0,0.22171998558044437
1259,0.806,-0.92924494,-1.0,1.7352449355125428
1260,1.0576,0.8415579,1.0,0.21604208002090464
1261,-0.039,0.96427655,-1.0,-1.0032765522003173
1262,0.7134,-0.31063002,-1.0,1.0240300234794617
1263,-0.4807,0.7680301,-1.0,-1.248730107021332
1264,-1.3633,-0.4618852,1.0,-0.9014147861480712
1265,0.4533,-1.2620519,-1.0,1.7153519399642945
1266,-1.6488,0.30672,-1.0,-1.9555199885845185
1267,-1.894,-1.7858828,1.0,-0.1081171693801879
1268,-2.5144,-1.7776924,1.0,-0.7367075628280642
1269,-0.7376,-2.0249963,1.0,1.287396280670166
1270,0.1144,-0.8897994,-1.0,1.0041994160652161
1271,0.6008,0.3045425,1.0,0.29625748829841614
1272,1.6914,0.7947332,1.0,0.8966667737007141
1273,1.2591,1.6480107,1.0,-0.3889107307434081
1274,1.1789,1.0875878,1.0,0.09131216659545904
1275,0.9458,1.1787843,1.0,-0.23298425121307376
1276,0.532,0.89169985,1.0,-0.3596998505592346
1277,1.1701,0.4857757,1.0,0.6843242908477782
1278,0.3632,1.1518196,1.0,-0.7886195867538452
1279,-1.601,0.21457347,-1.0,-1.815573472738266
1280,-1.5168,-1.5145448,1.0,-0.002255155372619555
1281,-2.0399,-1.2515389,1.0,-0.7883611272811888
1282,-1.821,-1.4419197,1.0,-0.37908031558990474
1283,-0.872,-1.5526651,1.0,0.680665114402771
1284,-0.614,-0.6094508,1.0,-0.004549182891845693
1285,-1.9487,-0.5637948,1.0,-1.3849052083015443
1286,-1.4775,-1.7106403,1.0,0.23314031124114987
1287,-2.6441,-1.5670261,1.0,-1.0770738616943358
1288,-2.7992,-2.0808668,1.0,-0.7183331863403319
1289,-2.9045,-2.092603,1.0,-0.8118970317840577
1290,-3.4282,-2.2702484,1.0,-1.1579515869140624
1291,-2.6766,-2.6849923,1.0,0.008392313385009675
1292,-2.9204,-2.2595453,1.0,-0.6608546737670897
1293,-2.52,-2.2161217,1.0,-0.30387832641601564
1294,-2.409,-2.0707989,1.0,-0.3382011260986326
1295,-1.5492,-1.9229698,1.0,0.37376981811523446
1296,-0.8417,-1.3097116,1.0,0.46801157550811767
1297,-0.6662,-0.81356245,1.0,0.14736245279312132
1298,-0.4815,-0.5779296,1.0,0.09642961597442629
1299,-1.218,-0.44330877,1.0,-0.7746912293434143
1300,-0.9065,-1.1584305,1.0,0.25193045711517337
1301,-0.9937,-0.8409023,1.0,-0.1527976715087891
1302,-0.7204,-0.9103908,1.0,0.18999079427719112
1303,-0.2482,-0.7202062,1.0,0.4720062010765076
1304,-0.6717,-0.24234587,1.0,-0.42935413045883175
1305,-1.311,-0.69520634,1.0,-0.6157936558723449
1306,-1.2161,-1.1449763,1.0,-0.07112374172210689
1307,-0.5954,-0.99513346,1.0,0.39973345956802364
1308,-0.5513,-0.32611963,1.0,-0.22518036847114564
1309,-1.3019,-0.42872527,1.0,-0.8731747275829316
1310,-1.5328,-1.0204023,1.0,-0.5123976877212524
1311,-1.6969,-1.5630327,1.0,-0.13386725368499763
1312,-2.2531,-1.5584533,1.0,-0.6946466785430907
1313,-1.2464,-1.9351434,1.0,0.6887433515548707
1314,-0.776,-0.92130363,1.0,0.14530362987518308
1315,-0.6335,-0.6709462,1.0,0.037446180820465136
1316,-1.1174,-0.9491158,1.0,-0.16828418722152705
1317,-0.4649,-1.0081002,1.0,0.543200152015686
1318,-0.9476,-0.28600508,1.0,-0.6615949202537537
1319,-1.4246,-0.7588913,1.0,-0.6657087155342103
1320,-2.6401,-1.3937865,1.0,-1.2463134504318236
1321,-2.4357,-2.175922,1.0,-0.2597780830383303
1322,-1.1474,-2.2848506,1.0,1.1374505973815918
1323,-1.4142,-1.3200902,1.0,-0.09410982532501211
1324,-1.9188,-1.3135917,1.0,-0.605208281326294
1325,-2.232,-1.6384827,1.0,-0.5935173101425173
1326,-1.2639,-1.9132953,1.0,0.6493952690124511
1327,-0.2581,-1.0899341,1.0,0.8318341106414795
1328,0.1405,-0.11526724,-1.0,0.25576723951101304
1329,0.7536,0.17008355,1.0,0.5835164474010468
1330,0.6683,0.82797784,1.0,-0.15967783613204956
1331,1.2823,0.70408607,1.0,0.5782139347076416
1332,0.8562,1.4988664,1.0,-0.6426664388656617
1333,1.6965,1.2071946,1.0,0.4893054332733153
1334,1.6541,1.5580422,1.0,0.09605783138275137
1335,2.0454,1.4460548,1.0,0.5993451837539672
1336,2.3957,1.5913088,1.0,0.8043911678314211
1337,1.8734,2.18854,1.0,-0.31513998184204106
1338,1.4304,1.8596193,1.0,-0.42921925983428966
1339,1.2918,1.4615828,1.0,-0.16978277988433832
1340,1.7335,1.0810052,1.0,0.6524947843551636
1341,1.0346,1.523893,1.0,-0.48929299869537357
1342,0.4345,0.9329827,1.0,-0.4984826831817627
1343,0.4618,0.44305307,1.0,0.01874693326950072
1344,0.1063,0.52826446,1.0,-0.42196446294784545
1345,-0.4573,0.22516516,-1.0,-0.6824651585102082
1346,-0.5529,-0.32812127,1.0,-0.2247787252902984
1347,-0.0685,-0.5177397,1.0,0.4492397131919861
1348,-0.6113,-0.032189824,1.0,-0.5791101763129234
1349,-0.5975,-0.5340852,1.0,-0.06341478586196903
1350,-0.1235,-0.45899713,1.0,0.33549713039398193
1351,-0.5621,-0.26836357,1.0,-0.29373643479347233
1352,-1.114,-0.70484895,1.0,-0.4091510548591615
1353,-1.7929,-1.1315664,1.0,-0.6613335947036743
1354,-1.4868,-1.6429149,1.0,0.15611489124298106
1355,-2.617,-1.6435814,1.0,-0.9734186096191406
1356,-2.4595,-2.3353941,1.0,-0.12410585594177226
1357,-1.4161,-2.000803,1.0,0.5847029937744141
1358,-2.3291,-1.4080163,1.0,-0.921083675956726
1359,-1.7399,-2.0099416,1.0,0.27004157791137695
1360,-1.5756,-1.5136311,1.0,-0.06196889457702626
1361,-0.8324,-1.2502905,1.0,0.4178905130386352
1362,-1.7299,-0.73217374,1.0,-0.9977262591361999
1363,-1.7949,-1.4674311,1.0,-0.3274689315795898
1364,-2.2909,-1.5148164,1.0,-0.7760835966110231
1365,-1.8775,-2.086261,1.0,0.20876103401184087
1366,-2.2019,-1.7003678,1.0,-0.5015321916580202
1367,-2.0452,-1.8669142,1.0,-0.17828584690093985
1368,-1.3552,-1.7797129,1.0,0.42451291542053227
1369,-1.4433,-1.2187088,1.0,-0.2245912464141846
1370,-0.989,-1.2655761,1.0,0.2765761241912842
1371,-1.7337,-0.7839725,1.0,-0.9497274982452393
1372,-1.6978,-1.4975766,1.0,-0.2002234056472778
1373,-1.6415,-1.468694,1.0,-0.17280602836608883
1374,-1.2778,-1.510919,1.0,0.23311897487640376
1375,-1.5299,-1.1979471,1.0,-0.3319528554916382
1376,-1.2077,-1.4361624,1.0,0.2284623525619507
1377,-0.6976,-1.0237865,1.0,0.3261865447998047
1378,-0.0863,-0.54667616,1.0,0.4603761589050293
1379,-0.0785,-0.008956455,1.0,-0.06954354530572891
1380,-0.1501,0.13475564,-1.0,-0.28485564122200013
1381,0.527,0.17971054,1.0,0.34728946280479434
1382,-0.0144,0.69232684,-1.0,-0.7067268437385559
1383,0.1199,0.09703121,1.0,0.022868786656856543
1384,0.4224,0.08534185,1.0,0.33705815156698227
1385,0.2565,0.4237439,1.0,-0.16724390363693237
1386,-0.4438,0.30587396,-1.0,-0.7496739602565765
1387,-1.4078,-0.4707737,1.0,-0.9370263031005859
1388,-2.5858,-1.2644659,1.0,-1.3213340719223021
1389,-2.2534,-2.032361,1.0,-0.2210389694213868
1390,-1.4536,-1.9098216,1.0,0.45622162952423095
1391,-2.5402,-1.2604164,1.0,-1.2797836114883423
1392,-1.9618,-2.1288996,1.0,0.16709957427978517
1393,-1.2349,-1.6552242,1.0,0.4203242040634154
1394,-1.1933,-1.0637678,1.0,-0.12953220920562747
1395,-0.7678,-1.1886327,1.0,0.4208327266693115
1396,0.0611,-0.4289022,-1.0,0.4900022088050842
1397,-0.1263,0.28826427,-1.0,-0.41456427459716794
1398,-0.8384,-0.31911284,1.0,-0.5192871626853943
1399,-0.7678,-0.8477477,1.0,0.07994768352508541
1400,-1.0053,-0.6700013,1.0,-0.3352986720085145
1401,-0.807,-1.0747102,1.0,0.2677102499008178
1402,-0.3871,-0.9785872,1.0,0.5914872101783752
1403,-0.233,-0.53479123,1.0,0.3017912311553955
1404,0.2793,-0.2730118,-1.0,0.5523118036270142
1405,0.2879,0.42051578,1.0,-0.132615775680542
1406,-0.2333,0.4903729,-1.0,-0.7236728961944581
1407,-0.4332,-0.08425834,1.0,-0.3489416597008705
1408,-0.4319,-0.4074286,1.0,-0.02447140755653382
1409,-0.2913,-0.35061306,1.0,0.0593130576133728
1410,0.2288,-0.24279249,-1.0,0.4715924871444702
1411,0.0835,0.35292134,1.0,-0.26942133688926695
1412,1.0919,0.46819168,1.0,0.6237083167076112
1413,1.7158,1.4155649,1.0,0.3002351053237915
1414,2.3637,1.9604329,1.0,0.4032671129226686
1415,1.7302,2.3519754,1.0,-0.621775440979004
1416,1.4905,1.6514175,1.0,-0.1609174938201905
1417,0.7283,1.3269836,1.0,-0.5986835710525513
1418,2.1181,0.63768786,1.0,1.480412138080597
1419,2.2702,1.8169448,1.0,0.45325516242980957
1420,2.6163,2.084133,1.0,0.5321670902252196
1421,2.355,2.469449,1.0,-0.1144490432739258
1422,2.0534,2.1798725,1.0,-0.12647251281738292
1423,2.6771,1.8233021,1.0,0.8537978502273558
1424,2.4821,2.3019261,1.0,0.18017386398315427
1425,1.9739,2.1189752,1.0,-0.14507516250610353
1426,1.7083,1.8017349,1.0,-0.09343492431640632
1427,1.3,1.511618,1.0,-0.21161801815032955
1428,1.8602,1.1310992,1.0,0.7291007759094239
1429,1.5746,1.6715671,1.0,-0.09696708240509033
1430,1.9245,1.5228606,1.0,0.40163935375213633
1431,1.9642,1.7906741,1.0,0.17352590961456293
1432,1.7425,1.7371123,1.0,0.005387716293334899
1433,1.3532,1.5165964,1.0,-0.16339643650054936
1434,1.3092,1.1850017,1.0,0.12419826908111564
1435,0.8002,1.2107172,1.0,-0.41051720123291013
1436,0.1759,0.79551977,1.0,-0.619619769191742
1437,0.099,0.2170206,1.0,-0.11802060103416442
1438,0.1008,0.050833285,1.0,0.049966715145111085
1439,0.4856,0.038076524,1.0,0.4475234763085842
1440,-0.716,0.5316204,-1.0,-1.2476203832626342
1441,-1.1332,-0.5697257,1.0,-0.5634743077278137
1442,-1.522,-0.9897705,1.0,-0.5322295279502869
1443,-1.6714,-1.4095904,1.0,-0.26180963649749756
1444,-1.578,-1.431336,1.0,-0.14666395473480232
1445,-1.945,-1.5140485,1.0,-0.43095154285430914
1446,-2.0694,-1.704753,1.0,-0.3646469587326049
1447,-1.5157,-2.0284352,1.0,0.5127352302551269
1448,-1.3156,-1.4444646,1.0,0.1288645643234252
1449,-0.6951,-1.0744839,1.0,0.3793838714599609
1450,-0.3558,-0.6002988,1.0,0.24449882192611694
1451,-1.7831,-0.36429444,1.0,-1.4188055604457854
1452,-1.4509,-1.6646973,1.0,0.21379728946685783
1453,-1.7305,-1.3278134,1.0,-0.40268661308288567
1454,-1.7223,-1.5001906,1.0,-0.22210938434600824
1455,-1.4517,-1.6287075,1.0,0.17700752811431886
1456,-1.51,-1.3257351,1.0,-0.18426490783691407
1457,-1.7539,-1.4154727,1.0,-0.3384272541046143
1458,-1.8509,-1.5947133,1.0,-0.2561866697311401
1459,-1.9942,-1.4955124,1.0,-0.49868763370513913
1460,-1.9139,-1.6545373,1.0,-0.259362679862976
1461,-1.787,-1.6480006,1.0,-0.13899940204620354
1462,-1.3298,-1.4964744,1.0,0.16667438526153555
1463,-1.8233,-1.2443776,1.0,-0.578922386932373
1464,-2.069,-1.7083765,1.0,-0.3606234731674194
1465,-1.4818,-1.7390823,1.0,0.25728233642578124
1466,-0.7731,-1.2909034,1.0,0.5178034490585327
1467,-0.7287,-0.70674706,1.0,-0.021952944946289077
1468,-0.8461,-0.7531928,1.0,-0.09290721759796139
1469,-1.7073,-0.81769174,1.0,-0.8896082566261292
1470,-1.8153,-1.5918208,1.0,-0.2234791639328002
1471,-1.9768,-1.6726897,1.0,-0.30411032371520985
1472,-1.8088,-1.714708,1.0,-0.0940920293807983
1473,-1.1831,-1.5556961,1.0,0.3725961297988891
1474,-1.7308,-1.1020216,1.0,-0.6287784250259398
1475,-0.9422,-1.6669868,1.0,0.7247868230819702
1476,-0.72,-0.86103636,1.0,0.1410363602638245
1477,-0.7416,-0.61785847,1.0,-0.12374153051376346
1478,-0.7973,-0.43637675,1.0,-0.36092324953079225
1479,-0.2068,-0.62587124,1.0,0.4190712410926819
1480,0.1941,-0.093713574,-1.0,0.28781357411146163
1481,0.8964,0.31135795,1.0,0.5850420547962188
1482,0.271,1.081097,1.0,-0.8100970067977905
1483,-0.2923,0.48334488,-1.0,-0.7756448827266693
1484,0.8822,-0.1726481,-1.0,1.0548481020450593
1485,0.5292,0.9157776,1.0,-0.38657762365341186
1486,0.1869,0.47026926,1.0,-0.2833692627906799
1487,-1.2897,0.30880877,-1.0,-1.5985087737560273
1488,-2.0389,-1.2277199,1.0,-0.8111800970077514
1489,-1.2026,-1.7060425,1.0,0.5034425281524659
1490,-0.6949,-1.0454801,1.0,0.35058013210296635
1491,-0.368,-0.64262635,1.0,0.2746263451576233
1492,-1.2619,-0.16016996,1.0,-1.1017300409317017
1493,1.6735,-0.98290306,-1.0,2.6564030632972715
1494,2.275,1.6586682,1.0,0.6163318395614623
1495,1.7064,2.120935,1.0,-0.41453496322631844
1496,2.1615,1.6998087,1.0,0.4616912832260134
1497,1.5404,2.153721,1.0,-0.6133210941314697
1498,1.4009,1.2481873,1.0,0.1527126964569092
1499,1.3018,1.1432828,1.0,0.1585172288894654
1500,0.8781,1.0952412,1.0,-0.21714118900299073
1501,1.288,0.6757336,1.0,0.6122663741111756
1502,1.5422,1.0408415,1.0,0.5013585397720337
1503,1.2077,1.4008173,1.0,-0.19311727504730225
1504,0.6485,1.2843868,1.0,-0.6358867540359497
1505,0.345,0.8561597,1.0,-0.5111596870422364
1506,1.8442,0.5415963,1.0,1.3026037065505982
1507,1.7247,1.5050806,1.0,0.21961941928863515
1508,1.4558,1.63209,1.0,-0.17628997249603273
1509,0.812,1.368749,1.0,-0.5567490224838256
1510,0.1246,0.9379972,1.0,-0.8133972219467163
1511,0.0096,0.2792373,1.0,-0.269637300157547
1512,0.3606,0.19117576,1.0,0.1694242411613464
1513,0.1241,0.28579828,1.0,-0.16169828143119813
1514,0.5096,-0.21669063,-1.0,0.7262906297206879
1515,0.8159,0.26464605,1.0,0.551253946685791
1516,0.5291,0.7647603,1.0,-0.2356603154182434
1517,-0.6336,0.6390719,-1.0,-1.2726718817710876
1518,-1.1288,-0.8119626,1.0,-0.31683739547729495
1519,-1.9058,-1.2406943,1.0,-0.665105715560913
1520,-1.9894,-1.8669504,1.0,-0.12244960727691656
1521,-1.4264,-2.0163012,1.0,0.5899011550903321
1522,-2.7616,-1.5477701,1.0,-1.2138298574447632
1523,-2.2985,-2.2916877,1.0,-0.006812273025512905
1524,-2.5548,-1.8867534,1.0,-0.6680465600967409
1525,-2.6593,-1.9631804,1.0,-0.696119577217102
1526,-1.6029,-2.069737,1.0,0.46683695755004884
1527,-1.4935,-1.3361701,1.0,-0.15732992267608648
1528,-1.571,-1.3596027,1.0,-0.21139731025695796
1529,-1.32,-1.4971871,1.0,0.1771871376037597
1530,-1.6442,-1.10966,1.0,-0.5345399705886842
1531,-0.817,-1.5569826,1.0,0.7399826364517212
1532,-0.5902,-0.8193773,1.0,0.22917730312347417
1533,-0.3161,-0.40655515,1.0,0.09045514597892762
1534,0.1847,-0.23423493,-1.0,0.4189349290847778
1535,0.3453,0.054505777,1.0,0.29079422338604927
1536,0.6199,0.49607778,1.0,0.12382222404479981
1537,0.7752,0.98774606,1.0,-0.21254605989456177
1538,0.433,0.9837383,1.0,-0.5507383031845092
1539,0.1521,0.44180882,1.0,-0.289708819770813
1540,1.1439,0.089178465,1.0,1.054721534693241
1541,1.9174,1.0158664,1.0,0.9015336011886597
1542,1.7596,1.8091959,1.0,-0.04959587612152094
1543,1.5979,1.8550977,1.0,-0.2571976514816283
1544,2.2224,1.6196398,1.0,0.6027602457046508
1545,2.4555,2.162338,1.0,0.2931619815826414
1546,1.6317,2.2543266,1.0,-0.6226265819549561
1547,1.9566,1.394702,1.0,0.5618980422973632
1548,2.3751,1.7651464,1.0,0.6099536252975466
1549,3.0469,2.03797,1.0,1.0089299339294433
1550,2.1431,2.5494995,1.0,-0.40639951171875
1551,1.7338,1.9516412,1.0,-0.21784120197296142
1552,2.0305,1.5526727,1.0,0.4778272562026977
1553,1.4702,1.7879335,1.0,-0.3177334688186646
1554,1.1901,1.2985208,1.0,-0.10842080345153815
1555,0.9861,1.0219731,1.0,-0.03587313308715823
1556,1.2514,0.87707704,1.0,0.37432295694351203
1557,1.3285,1.1962584,1.0,0.13224157428741456
1558,1.4179,1.2129161,1.0,0.20498386421203607
1559,0.9181,1.4334686,1.0,-0.5153685802459717
1560,0.7086,0.9863537,1.0,-0.27775369539260863
1561,0.074,0.71874446,1.0,-0.6447444567680359
1562,0.0276,0.061343003,1.0,-0.033743003064394
1563,0.1996,-0.033487283,-1.0,0.23308728269338608
1564,-0.3397,0.33551645,-1.0,-0.6752164527893066
1565,-0.1872,-0.2653906,1.0,0.07819060473442077
1566,-0.2828,-0.19109511,1.0,-0.09170488624572753
1567,-0.6027,-0.24836004,1.0,-0.3543399621963501
1568,-0.4167,-0.57390803,1.0,0.15720803098678587
1569,0.2657,-0.6501457,-1.0,0.915845709514618
1570,0.2517,0.0487703,1.0,0.2029296989560127
1571,-0.3628,0.17249924,-1.0,-0.5352992394447327
1572,-0.1858,-0.40359503,1.0,0.21779503030776978
1573,-1.1361,-0.48873323,1.0,-0.6473667679786683
1574,-1.8247,-1.4546735,1.0,-0.37002647132873534
1575,-1.3483,-1.7403897,1.0,0.3920897047042846
1576,-0.2725,-1.1190819,1.0,0.8465818548202515
1577,-0.0353,-0.58002734,1.0,0.5447273418426514
1578,1.2648,-0.1331824,-1.0,1.397982406425476
1579,1.1081,1.4798805,1.0,-0.3717804521560668
1580,1.2248,1.2168208,1.0,0.007979163932800404
1581,1.9379,1.3592364,1.0,0.5786636404037475
1582,1.2103,2.0267284,1.0,-0.8164283916473389
1583,1.7959,1.2447759,1.0,0.5511241086959839
1584,1.8481,1.6502442,1.0,0.19785576400756844
1585,1.3705,1.7301798,1.0,-0.35967978668212885
1586,1.0756,1.390318,1.0,-0.31471803607940685
1587,1.8984,1.0920552,1.0,0.8063447984695435
1588,2.2507,1.8440477,1.0,0.40665233440399184
1589,2.7283,1.994814,1.0,0.7334859617233276
1590,2.2681,2.256734,1.0,0.011366105651855474
1591,1.9022,2.052787,1.0,-0.15058706550598155
1592,1.3945,1.690308,1.0,-0.2958079748153686
1593,1.5157,1.2901183,1.0,0.22558166332244878
1594,1.3893,1.3358768,1.0,0.05342317752838133
1595,1.0833,1.307646,1.0,-0.22434603614807136
1596,0.7248,1.0804906,1.0,-0.3556905891418457
1597,1.3249,0.76748323,1.0,0.5574167655944824
1598,1.1764,1.2365907,1.0,-0.06019074306488048
1599,1.1255,1.087418,1.0,0.03808203983306879
1600,1.0521,1.0953425,1.0,-0.04324251689910885
1601,0.9686,0.8826502,1.0,0.0859498034477234
1602,0.639,0.84039474,1.0,-0.2013947353363037
1603,0.6262,0.5809598,1.0,0.0452402030944824
